date,episode_url,player_name,position,winnings,gender,episode_bankrupts,episode_lose_a_turns,estimated_spins,bankrupts_per_player,lose_a_turns_per_player,bankrupt_rate,lose_a_turn_rate
2021-09-13,https://andynwof.wordpress.com/2021/09/13/wof-recap-september-13-2021/,Somsack,1,600,Unknown,0.0,4.0,20,0.0,1.3333333333333333,0.0,0.06666666666666667
2021-09-13,https://andynwof.wordpress.com/2021/09/13/wof-recap-september-13-2021/,Bonnie,2,900,F,0.0,4.0,20,0.0,1.3333333333333333,0.0,0.06666666666666667
2021-09-13,https://andynwof.wordpress.com/2021/09/13/wof-recap-september-13-2021/,Bonnie,3,700,F,0.0,4.0,20,0.0,1.3333333333333333,0.0,0.06666666666666667
2021-09-13,https://andynwof.wordpress.com/2021/09/13/wof-recap-september-13-2021/,Allison,4,500,F,0.0,4.0,20,0.0,1.3333333333333333,0.0,0.06666666666666667
2021-09-13,https://andynwof.wordpress.com/2021/09/13/wof-recap-september-13-2021/,Somsack,5,1,Unknown,0.0,4.0,20,0.0,1.3333333333333333,0.0,0.06666666666666667
2021-09-13,https://andynwof.wordpress.com/2021/09/13/wof-recap-september-13-2021/,Bonnie,6,1400,F,0.0,4.0,20,0.0,1.3333333333333333,0.0,0.06666666666666667
2021-09-13,https://andynwof.wordpress.com/2021/09/13/wof-recap-september-13-2021/,Allison,7,1200,F,0.0,4.0,20,0.0,1.3333333333333333,0.0,0.06666666666666667
2021-09-13,https://andynwof.wordpress.com/2021/09/13/wof-recap-september-13-2021/,Allison,8,14450,F,0.0,4.0,20,0.0,1.3333333333333333,0.0,0.06666666666666667
2021-09-13,https://andynwof.wordpress.com/2021/09/13/wof-recap-september-13-2021/,Somsack,9,8050,Unknown,0.0,4.0,20,0.0,1.3333333333333333,0.0,0.06666666666666667
2021-09-13,https://andynwof.wordpress.com/2021/09/13/wof-recap-september-13-2021/,Somsack,10,3600,Unknown,0.0,4.0,20,0.0,1.3333333333333333,0.0,0.06666666666666667
2021-09-13,https://andynwof.wordpress.com/2021/09/13/wof-recap-september-13-2021/,Allison,11,2700,F,0.0,4.0,20,0.0,1.3333333333333333,0.0,0.06666666666666667
2021-09-13,https://andynwof.wordpress.com/2021/09/13/wof-recap-september-13-2021/,Allison,12,27575,F,0.0,4.0,20,0.0,1.3333333333333333,0.0,0.06666666666666667
2021-09-13,https://andynwof.wordpress.com/2021/09/13/wof-recap-september-13-2021/,Somsack,13,8050,Unknown,0.0,4.0,20,0.0,1.3333333333333333,0.0,0.06666666666666667
2021-09-13,https://andynwof.wordpress.com/2021/09/13/wof-recap-september-13-2021/,Allison,14,42225,F,0.0,4.0,20,0.0,1.3333333333333333,0.0,0.06666666666666667
2021-09-13,https://andynwof.wordpress.com/2021/09/13/wof-recap-september-13-2021/,Somsack,15,8050,Unknown,0.0,4.0,20,0.0,1.3333333333333333,0.0,0.06666666666666667
2021-09-14,https://andynwof.wordpress.com/2021/09/14/wof-recap-september-14-2021/,Andre,1,1400,M,3.0,0.0,20,1.0,0.0,0.05,0.0
2021-09-14,https://andynwof.wordpress.com/2021/09/14/wof-recap-september-14-2021/,Jason,2,1400,M,3.0,0.0,20,1.0,0.0,0.05,0.0
2021-09-14,https://andynwof.wordpress.com/2021/09/14/wof-recap-september-14-2021/,Andre,3,500,M,3.0,0.0,20,1.0,0.0,0.05,0.0
2021-09-14,https://andynwof.wordpress.com/2021/09/14/wof-recap-september-14-2021/,Andre,4,4400,M,3.0,0.0,20,1.0,0.0,0.05,0.0
2021-09-14,https://andynwof.wordpress.com/2021/09/14/wof-recap-september-14-2021/,Jason,5,2100,M,3.0,0.0,20,1.0,0.0,0.05,0.0
2021-09-14,https://andynwof.wordpress.com/2021/09/14/wof-recap-september-14-2021/,Lyndsey,6,3,F,3.0,0.0,20,1.0,0.0,0.05,0.0
2021-09-14,https://andynwof.wordpress.com/2021/09/14/wof-recap-september-14-2021/,Jason,7,1200,M,3.0,0.0,20,1.0,0.0,0.05,0.0
2021-09-14,https://andynwof.wordpress.com/2021/09/14/wof-recap-september-14-2021/,Lyndsey,8,850,F,3.0,0.0,20,1.0,0.0,0.05,0.0
2021-09-14,https://andynwof.wordpress.com/2021/09/14/wof-recap-september-14-2021/,Andre,9,4400,M,3.0,0.0,20,1.0,0.0,0.05,0.0
2021-09-14,https://andynwof.wordpress.com/2021/09/14/wof-recap-september-14-2021/,Jason,10,2100,M,3.0,0.0,20,1.0,0.0,0.05,0.0
2021-09-14,https://andynwof.wordpress.com/2021/09/14/wof-recap-september-14-2021/,Lyndsey,11,17600,F,3.0,0.0,20,1.0,0.0,0.05,0.0
2021-09-14,https://andynwof.wordpress.com/2021/09/14/wof-recap-september-14-2021/,Andre,12,11350,M,3.0,0.0,20,1.0,0.0,0.05,0.0
2021-09-14,https://andynwof.wordpress.com/2021/09/14/wof-recap-september-14-2021/,Jason,13,4100,M,3.0,0.0,20,1.0,0.0,0.05,0.0
2021-09-14,https://andynwof.wordpress.com/2021/09/14/wof-recap-september-14-2021/,Lyndsey,14,19600,F,3.0,0.0,20,1.0,0.0,0.05,0.0
2021-09-15,https://andynwof.wordpress.com/2021/09/15/wof-recap-september-15-2021/,Michelle,1,1400,F,3.0,0.0,20,1.0,0.0,0.05,0.0
2021-09-15,https://andynwof.wordpress.com/2021/09/15/wof-recap-september-15-2021/,Darren,2,1,M,3.0,0.0,20,1.0,0.0,0.05,0.0
2021-09-15,https://andynwof.wordpress.com/2021/09/15/wof-recap-september-15-2021/,Darren,3,2600,M,3.0,0.0,20,1.0,0.0,0.05,0.0
2021-09-15,https://andynwof.wordpress.com/2021/09/15/wof-recap-september-15-2021/,Michelle,4,9700,F,3.0,0.0,20,1.0,0.0,0.05,0.0
2021-09-15,https://andynwof.wordpress.com/2021/09/15/wof-recap-september-15-2021/,Darren,5,500,M,3.0,0.0,20,1.0,0.0,0.05,0.0
2021-09-15,https://andynwof.wordpress.com/2021/09/15/wof-recap-september-15-2021/,Michelle,6,1400,F,3.0,0.0,20,1.0,0.0,0.05,0.0
2021-09-15,https://andynwof.wordpress.com/2021/09/15/wof-recap-september-15-2021/,Darren,7,2600,M,3.0,0.0,20,1.0,0.0,0.05,0.0
2021-09-15,https://andynwof.wordpress.com/2021/09/15/wof-recap-september-15-2021/,Michelle,8,20956,F,3.0,0.0,20,1.0,0.0,0.05,0.0
2021-09-15,https://andynwof.wordpress.com/2021/09/15/wof-recap-september-15-2021/,Darren,9,7800,M,3.0,0.0,20,1.0,0.0,0.05,0.0
2021-09-15,https://andynwof.wordpress.com/2021/09/15/wof-recap-september-15-2021/,Michelle,10,20956,F,3.0,0.0,20,1.0,0.0,0.05,0.0
2021-09-16,https://andynwof.wordpress.com/2021/09/16/wof-recap-september-16-2021/,Rob,1,900,M,5.0,2.0,20,1.6666666666666667,0.6666666666666666,0.08333333333333334,0.03333333333333333
2021-09-16,https://andynwof.wordpress.com/2021/09/16/wof-recap-september-16-2021/,Erendida,2,500,Unknown,5.0,2.0,20,1.6666666666666667,0.6666666666666666,0.08333333333333334,0.03333333333333333
2021-09-16,https://andynwof.wordpress.com/2021/09/16/wof-recap-september-16-2021/,Emily,3,2,F,5.0,2.0,20,1.6666666666666667,0.6666666666666666,0.08333333333333334,0.03333333333333333
2021-09-16,https://andynwof.wordpress.com/2021/09/16/wof-recap-september-16-2021/,Emily,4,1500,F,5.0,2.0,20,1.6666666666666667,0.6666666666666666,0.08333333333333334,0.03333333333333333
2021-09-16,https://andynwof.wordpress.com/2021/09/16/wof-recap-september-16-2021/,Erendida,5,3500,Unknown,5.0,2.0,20,1.6666666666666667,0.6666666666666666,0.08333333333333334,0.03333333333333333
2021-09-16,https://andynwof.wordpress.com/2021/09/16/wof-recap-september-16-2021/,Erendida,6,7350,Unknown,5.0,2.0,20,1.6666666666666667,0.6666666666666666,0.08333333333333334,0.03333333333333333
2021-09-16,https://andynwof.wordpress.com/2021/09/16/wof-recap-september-16-2021/,Others,7,2,Unknown,5.0,2.0,20,1.6666666666666667,0.6666666666666666,0.08333333333333334,0.03333333333333333
2021-09-16,https://andynwof.wordpress.com/2021/09/16/wof-recap-september-16-2021/,Emily,8,500,F,5.0,2.0,20,1.6666666666666667,0.6666666666666666,0.08333333333333334,0.03333333333333333
2021-09-16,https://andynwof.wordpress.com/2021/09/16/wof-recap-september-16-2021/,Bank,9,2,Unknown,5.0,2.0,20,1.6666666666666667,0.6666666666666666,0.08333333333333334,0.03333333333333333
2021-09-16,https://andynwof.wordpress.com/2021/09/16/wof-recap-september-16-2021/,Rob,10,2,M,5.0,2.0,20,1.6666666666666667,0.6666666666666666,0.08333333333333334,0.03333333333333333
2021-09-16,https://andynwof.wordpress.com/2021/09/16/wof-recap-september-16-2021/,Erendida,11,7350,Unknown,5.0,2.0,20,1.6666666666666667,0.6666666666666666,0.08333333333333334,0.03333333333333333
2021-09-16,https://andynwof.wordpress.com/2021/09/16/wof-recap-september-16-2021/,Emily,12,9990,F,5.0,2.0,20,1.6666666666666667,0.6666666666666666,0.08333333333333334,0.03333333333333333
2021-09-16,https://andynwof.wordpress.com/2021/09/16/wof-recap-september-16-2021/,Rob,13,6,M,5.0,2.0,20,1.6666666666666667,0.6666666666666666,0.08333333333333334,0.03333333333333333
2021-09-16,https://andynwof.wordpress.com/2021/09/16/wof-recap-september-16-2021/,Erendida,14,15100,Unknown,5.0,2.0,20,1.6666666666666667,0.6666666666666666,0.08333333333333334,0.03333333333333333
2021-09-16,https://andynwof.wordpress.com/2021/09/16/wof-recap-september-16-2021/,Emily,15,11990,F,5.0,2.0,20,1.6666666666666667,0.6666666666666666,0.08333333333333334,0.03333333333333333
2021-09-17,https://andynwof.wordpress.com/2021/09/17/wof-recap-september-17-2021/,Jim,1,700,M,0.0,2.0,20,0.0,0.6666666666666666,0.0,0.03333333333333333
2021-09-17,https://andynwof.wordpress.com/2021/09/17/wof-recap-september-17-2021/,Jim,2,650,M,0.0,2.0,20,0.0,0.6666666666666666,0.0,0.03333333333333333
2021-09-17,https://andynwof.wordpress.com/2021/09/17/wof-recap-september-17-2021/,Raquel,3,1,F,0.0,2.0,20,0.0,0.6666666666666666,0.0,0.03333333333333333
2021-09-17,https://andynwof.wordpress.com/2021/09/17/wof-recap-september-17-2021/,Kionna,4,2,Unknown,0.0,2.0,20,0.0,0.6666666666666666,0.0,0.03333333333333333
2021-09-17,https://andynwof.wordpress.com/2021/09/17/wof-recap-september-17-2021/,Jim,5,6750,M,0.0,2.0,20,0.0,0.6666666666666666,0.0,0.03333333333333333
2021-09-17,https://andynwof.wordpress.com/2021/09/17/wof-recap-september-17-2021/,Raquel,6,1200,F,0.0,2.0,20,0.0,0.6666666666666666,0.0,0.03333333333333333
2021-09-17,https://andynwof.wordpress.com/2021/09/17/wof-recap-september-17-2021/,Raquel,7,14534,F,0.0,2.0,20,0.0,0.6666666666666666,0.0,0.03333333333333333
2021-09-17,https://andynwof.wordpress.com/2021/09/17/wof-recap-september-17-2021/,Kionna,8,2,Unknown,0.0,2.0,20,0.0,0.6666666666666666,0.0,0.03333333333333333
2021-09-17,https://andynwof.wordpress.com/2021/09/17/wof-recap-september-17-2021/,Jim,9,6750,M,0.0,2.0,20,0.0,0.6666666666666666,0.0,0.03333333333333333
2021-09-17,https://andynwof.wordpress.com/2021/09/17/wof-recap-september-17-2021/,Jim,10,1200,M,0.0,2.0,20,0.0,0.6666666666666666,0.0,0.03333333333333333
2021-09-17,https://andynwof.wordpress.com/2021/09/17/wof-recap-september-17-2021/,Raquel,11,500,F,0.0,2.0,20,0.0,0.6666666666666666,0.0,0.03333333333333333
2021-09-17,https://andynwof.wordpress.com/2021/09/17/wof-recap-september-17-2021/,Raquel,12,14534,F,0.0,2.0,20,0.0,0.6666666666666666,0.0,0.03333333333333333
2021-09-17,https://andynwof.wordpress.com/2021/09/17/wof-recap-september-17-2021/,Kionna,13,4,Unknown,0.0,2.0,20,0.0,0.6666666666666666,0.0,0.03333333333333333
2021-09-17,https://andynwof.wordpress.com/2021/09/17/wof-recap-september-17-2021/,Jim,14,17900,M,0.0,2.0,20,0.0,0.6666666666666666,0.0,0.03333333333333333
2021-09-20,https://andynwof.wordpress.com/2021/09/20/wof-recap-september-20-2021/,Kathy,1,1650,F,1.0,0.0,20,0.3333333333333333,0.0,0.016666666666666666,0.0
2021-09-20,https://andynwof.wordpress.com/2021/09/20/wof-recap-september-20-2021/,Kathy,2,1800,F,1.0,0.0,20,0.3333333333333333,0.0,0.016666666666666666,0.0
2021-09-20,https://andynwof.wordpress.com/2021/09/20/wof-recap-september-20-2021/,Sal,3,3500,M,1.0,0.0,20,0.3333333333333333,0.0,0.016666666666666666,0.0
2021-09-20,https://andynwof.wordpress.com/2021/09/20/wof-recap-september-20-2021/,Jacob,4,650,M,1.0,0.0,20,0.3333333333333333,0.0,0.016666666666666666,0.0
2021-09-20,https://andynwof.wordpress.com/2021/09/20/wof-recap-september-20-2021/,Kathy,5,500,F,1.0,0.0,20,0.3333333333333333,0.0,0.016666666666666666,0.0
2021-09-20,https://andynwof.wordpress.com/2021/09/20/wof-recap-september-20-2021/,Jacob,6,1,M,1.0,0.0,20,0.3333333333333333,0.0,0.016666666666666666,0.0
2021-09-20,https://andynwof.wordpress.com/2021/09/20/wof-recap-september-20-2021/,Kathy,7,7150,F,1.0,0.0,20,0.3333333333333333,0.0,0.016666666666666666,0.0
2021-09-20,https://andynwof.wordpress.com/2021/09/20/wof-recap-september-20-2021/,Jacob,8,1,M,1.0,0.0,20,0.3333333333333333,0.0,0.016666666666666666,0.0
2021-09-20,https://andynwof.wordpress.com/2021/09/20/wof-recap-september-20-2021/,Jacob,9,16200,M,1.0,0.0,20,0.3333333333333333,0.0,0.016666666666666666,0.0
2021-09-20,https://andynwof.wordpress.com/2021/09/20/wof-recap-september-20-2021/,Kathy,10,7150,F,1.0,0.0,20,0.3333333333333333,0.0,0.016666666666666666,0.0
2021-09-20,https://andynwof.wordpress.com/2021/09/20/wof-recap-september-20-2021/,Sal,11,1,M,1.0,0.0,20,0.3333333333333333,0.0,0.016666666666666666,0.0
2021-09-20,https://andynwof.wordpress.com/2021/09/20/wof-recap-september-20-2021/,Jacob,12,21900,M,1.0,0.0,20,0.3333333333333333,0.0,0.016666666666666666,0.0
2021-09-20,https://andynwof.wordpress.com/2021/09/20/wof-recap-september-20-2021/,Kathy,13,11150,F,1.0,0.0,20,0.3333333333333333,0.0,0.016666666666666666,0.0
2021-09-21,https://andynwof.wordpress.com/2021/09/21/wof-recap-september-21-2021/,Nicole,1,600,F,4.0,2.0,20,1.3333333333333333,0.6666666666666666,0.06666666666666667,0.03333333333333333
2021-09-21,https://andynwof.wordpress.com/2021/09/21/wof-recap-september-21-2021/,Lionel,2,550,M,4.0,2.0,20,1.3333333333333333,0.6666666666666666,0.06666666666666667,0.03333333333333333
2021-09-21,https://andynwof.wordpress.com/2021/09/21/wof-recap-september-21-2021/,Maria,3,600,F,4.0,2.0,20,1.3333333333333333,0.6666666666666666,0.06666666666666667,0.03333333333333333
2021-09-21,https://andynwof.wordpress.com/2021/09/21/wof-recap-september-21-2021/,Maria,4,1400,F,4.0,2.0,20,1.3333333333333333,0.6666666666666666,0.06666666666666667,0.03333333333333333
2021-09-21,https://andynwof.wordpress.com/2021/09/21/wof-recap-september-21-2021/,Lionel,5,700,M,4.0,2.0,20,1.3333333333333333,0.6666666666666666,0.06666666666666667,0.03333333333333333
2021-09-21,https://andynwof.wordpress.com/2021/09/21/wof-recap-september-21-2021/,Maria,6,3800,F,4.0,2.0,20,1.3333333333333333,0.6666666666666666,0.06666666666666667,0.03333333333333333
2021-09-21,https://andynwof.wordpress.com/2021/09/21/wof-recap-september-21-2021/,Lionel,7,3600,M,4.0,2.0,20,1.3333333333333333,0.6666666666666666,0.06666666666666667,0.03333333333333333
2021-09-21,https://andynwof.wordpress.com/2021/09/21/wof-recap-september-21-2021/,Nicole,8,650,F,4.0,2.0,20,1.3333333333333333,0.6666666666666666,0.06666666666666667,0.03333333333333333
2021-09-21,https://andynwof.wordpress.com/2021/09/21/wof-recap-september-21-2021/,Lionel,9,1950,M,4.0,2.0,20,1.3333333333333333,0.6666666666666666,0.06666666666666667,0.03333333333333333
2021-09-21,https://andynwof.wordpress.com/2021/09/21/wof-recap-september-21-2021/,Maria,10,3800,F,4.0,2.0,20,1.3333333333333333,0.6666666666666666,0.06666666666666667,0.03333333333333333
2021-09-21,https://andynwof.wordpress.com/2021/09/21/wof-recap-september-21-2021/,Nicole,11,9264,F,4.0,2.0,20,1.3333333333333333,0.6666666666666666,0.06666666666666667,0.03333333333333333
2021-09-21,https://andynwof.wordpress.com/2021/09/21/wof-recap-september-21-2021/,Lionel,12,3600,M,4.0,2.0,20,1.3333333333333333,0.6666666666666666,0.06666666666666667,0.03333333333333333
2021-09-21,https://andynwof.wordpress.com/2021/09/21/wof-recap-september-21-2021/,Nicole,13,1300,F,4.0,2.0,20,1.3333333333333333,0.6666666666666666,0.06666666666666667,0.03333333333333333
2021-09-21,https://andynwof.wordpress.com/2021/09/21/wof-recap-september-21-2021/,Maria,14,3800,F,4.0,2.0,20,1.3333333333333333,0.6666666666666666,0.06666666666666667,0.03333333333333333
2021-09-21,https://andynwof.wordpress.com/2021/09/21/wof-recap-september-21-2021/,Nicole,15,13264,F,4.0,2.0,20,1.3333333333333333,0.6666666666666666,0.06666666666666667,0.03333333333333333
2021-09-21,https://andynwof.wordpress.com/2021/09/21/wof-recap-september-21-2021/,Lionel,16,7450,M,4.0,2.0,20,1.3333333333333333,0.6666666666666666,0.06666666666666667,0.03333333333333333
2021-09-22,https://andynwof.wordpress.com/2021/09/22/wof-recap-september-22-2021/,Debbie,1,1700,F,2.0,0.0,20,0.6666666666666666,0.0,0.03333333333333333,0.0
2021-09-22,https://andynwof.wordpress.com/2021/09/22/wof-recap-september-22-2021/,Julee,2,1,Unknown,2.0,0.0,20,0.6666666666666666,0.0,0.03333333333333333,0.0
2021-09-22,https://andynwof.wordpress.com/2021/09/22/wof-recap-september-22-2021/,Debbie,3,600,F,2.0,0.0,20,0.6666666666666666,0.0,0.03333333333333333,0.0
2021-09-22,https://andynwof.wordpress.com/2021/09/22/wof-recap-september-22-2021/,Julee,4,500,Unknown,2.0,0.0,20,0.6666666666666666,0.0,0.03333333333333333,0.0
2021-09-22,https://andynwof.wordpress.com/2021/09/22/wof-recap-september-22-2021/,Hunter,5,1,M,2.0,0.0,20,0.6666666666666666,0.0,0.03333333333333333,0.0
2021-09-22,https://andynwof.wordpress.com/2021/09/22/wof-recap-september-22-2021/,Ladies,6,2,Unknown,2.0,0.0,20,0.6666666666666666,0.0,0.03333333333333333,0.0
2021-09-22,https://andynwof.wordpress.com/2021/09/22/wof-recap-september-22-2021/,Hunter,7,500,M,2.0,0.0,20,0.6666666666666666,0.0,0.03333333333333333,0.0
2021-09-22,https://andynwof.wordpress.com/2021/09/22/wof-recap-september-22-2021/,Julee,8,1300,Unknown,2.0,0.0,20,0.6666666666666666,0.0,0.03333333333333333,0.0
2021-09-22,https://andynwof.wordpress.com/2021/09/22/wof-recap-september-22-2021/,Hunter,9,700,M,2.0,0.0,20,0.6666666666666666,0.0,0.03333333333333333,0.0
2021-09-22,https://andynwof.wordpress.com/2021/09/22/wof-recap-september-22-2021/,Hunter,10,12550,M,2.0,0.0,20,0.6666666666666666,0.0,0.03333333333333333,0.0
2021-09-22,https://andynwof.wordpress.com/2021/09/22/wof-recap-september-22-2021/,Ladies,11,2,Unknown,2.0,0.0,20,0.6666666666666666,0.0,0.03333333333333333,0.0
2021-09-22,https://andynwof.wordpress.com/2021/09/22/wof-recap-september-22-2021/,Hunter,12,14550,M,2.0,0.0,20,0.6666666666666666,0.0,0.03333333333333333,0.0
2021-09-22,https://andynwof.wordpress.com/2021/09/22/wof-recap-september-22-2021/,Debbie,13,2,F,2.0,0.0,20,0.6666666666666666,0.0,0.03333333333333333,0.0
2021-09-22,https://andynwof.wordpress.com/2021/09/22/wof-recap-september-22-2021/,Julee,14,7700,Unknown,2.0,0.0,20,0.6666666666666666,0.0,0.03333333333333333,0.0
2021-09-23,https://andynwof.wordpress.com/2021/09/23/wof-recap-september-23-2021/,Cynthia,1,1200,F,2.0,2.0,20,0.6666666666666666,0.6666666666666666,0.03333333333333333,0.03333333333333333
2021-09-23,https://andynwof.wordpress.com/2021/09/23/wof-recap-september-23-2021/,Cynthia,2,1400,F,2.0,2.0,20,0.6666666666666666,0.6666666666666666,0.03333333333333333,0.03333333333333333
2021-09-23,https://andynwof.wordpress.com/2021/09/23/wof-recap-september-23-2021/,Giovanni,3,1200,M,2.0,2.0,20,0.6666666666666666,0.6666666666666666,0.03333333333333333,0.03333333333333333
2021-09-23,https://andynwof.wordpress.com/2021/09/23/wof-recap-september-23-2021/,Giovanni,4,10500,M,2.0,2.0,20,0.6666666666666666,0.6666666666666666,0.03333333333333333,0.03333333333333333
2021-09-23,https://andynwof.wordpress.com/2021/09/23/wof-recap-september-23-2021/,Aly,5,3,F,2.0,2.0,20,0.6666666666666666,0.6666666666666666,0.03333333333333333,0.03333333333333333
2021-09-23,https://andynwof.wordpress.com/2021/09/23/wof-recap-september-23-2021/,Giovanni,6,1,M,2.0,2.0,20,0.6666666666666666,0.6666666666666666,0.03333333333333333,0.03333333333333333
2021-09-23,https://andynwof.wordpress.com/2021/09/23/wof-recap-september-23-2021/,Giovanni,7,19500,M,2.0,2.0,20,0.6666666666666666,0.6666666666666666,0.03333333333333333,0.03333333333333333
2021-09-23,https://andynwof.wordpress.com/2021/09/23/wof-recap-september-23-2021/,Aly,8,3,F,2.0,2.0,20,0.6666666666666666,0.6666666666666666,0.03333333333333333,0.03333333333333333
2021-09-23,https://andynwof.wordpress.com/2021/09/23/wof-recap-september-23-2021/,Aly,9,1200,F,2.0,2.0,20,0.6666666666666666,0.6666666666666666,0.03333333333333333,0.03333333333333333
2021-09-23,https://andynwof.wordpress.com/2021/09/23/wof-recap-september-23-2021/,Cynthia,10,650,F,2.0,2.0,20,0.6666666666666666,0.6666666666666666,0.03333333333333333,0.03333333333333333
2021-09-23,https://andynwof.wordpress.com/2021/09/23/wof-recap-september-23-2021/,Giovanni,11,5,M,2.0,2.0,20,0.6666666666666666,0.6666666666666666,0.03333333333333333,0.03333333333333333
2021-09-23,https://andynwof.wordpress.com/2021/09/23/wof-recap-september-23-2021/,Cynthia,12,1,F,2.0,2.0,20,0.6666666666666666,0.6666666666666666,0.03333333333333333,0.03333333333333333
2021-09-23,https://andynwof.wordpress.com/2021/09/23/wof-recap-september-23-2021/,Giovanni,13,27500,M,2.0,2.0,20,0.6666666666666666,0.6666666666666666,0.03333333333333333,0.03333333333333333
2021-09-23,https://andynwof.wordpress.com/2021/09/23/wof-recap-september-23-2021/,Aly,14,13,F,2.0,2.0,20,0.6666666666666666,0.6666666666666666,0.03333333333333333,0.03333333333333333
2021-09-24,https://andynwof.wordpress.com/2021/09/24/wof-recap-september-24-2021/,Jacob,1,1600,M,3.0,2.0,20,1.0,0.6666666666666666,0.05,0.03333333333333333
2021-09-24,https://andynwof.wordpress.com/2021/09/24/wof-recap-september-24-2021/,Pam,2,1800,F,3.0,2.0,20,1.0,0.6666666666666666,0.05,0.03333333333333333
2021-09-24,https://andynwof.wordpress.com/2021/09/24/wof-recap-september-24-2021/,Jacob,3,1300,M,3.0,2.0,20,1.0,0.6666666666666666,0.05,0.03333333333333333
2021-09-24,https://andynwof.wordpress.com/2021/09/24/wof-recap-september-24-2021/,Jacob,4,700,M,3.0,2.0,20,1.0,0.6666666666666666,0.05,0.03333333333333333
2021-09-24,https://andynwof.wordpress.com/2021/09/24/wof-recap-september-24-2021/,Jacob,5,1400,M,3.0,2.0,20,1.0,0.6666666666666666,0.05,0.03333333333333333
2021-09-24,https://andynwof.wordpress.com/2021/09/24/wof-recap-september-24-2021/,Pam,6,1,F,3.0,2.0,20,1.0,0.6666666666666666,0.05,0.03333333333333333
2021-09-24,https://andynwof.wordpress.com/2021/09/24/wof-recap-september-24-2021/,Jacob,7,10150,M,3.0,2.0,20,1.0,0.6666666666666666,0.05,0.03333333333333333
2021-09-24,https://andynwof.wordpress.com/2021/09/24/wof-recap-september-24-2021/,Pam,8,1,F,3.0,2.0,20,1.0,0.6666666666666666,0.05,0.03333333333333333
2021-09-24,https://andynwof.wordpress.com/2021/09/24/wof-recap-september-24-2021/,Renee,9,11770,F,3.0,2.0,20,1.0,0.6666666666666666,0.05,0.03333333333333333
2021-09-24,https://andynwof.wordpress.com/2021/09/24/wof-recap-september-24-2021/,Jacob,10,10150,M,3.0,2.0,20,1.0,0.6666666666666666,0.05,0.03333333333333333
2021-09-24,https://andynwof.wordpress.com/2021/09/24/wof-recap-september-24-2021/,Pam,11,650,F,3.0,2.0,20,1.0,0.6666666666666666,0.05,0.03333333333333333
2021-09-24,https://andynwof.wordpress.com/2021/09/24/wof-recap-september-24-2021/,Pam,12,11,F,3.0,2.0,20,1.0,0.6666666666666666,0.05,0.03333333333333333
2021-09-24,https://andynwof.wordpress.com/2021/09/24/wof-recap-september-24-2021/,Renee,13,13570,F,3.0,2.0,20,1.0,0.6666666666666666,0.05,0.03333333333333333
2021-09-24,https://andynwof.wordpress.com/2021/09/24/wof-recap-september-24-2021/,Jacob,14,10150,M,3.0,2.0,20,1.0,0.6666666666666666,0.05,0.03333333333333333
2021-09-27,https://andynwof.wordpress.com/2021/09/27/wof-recap-september-27-2021/,Krishna,1,1200,Unknown,5.0,0.0,20,1.6666666666666667,0.0,0.08333333333333334,0.0
2021-09-27,https://andynwof.wordpress.com/2021/09/27/wof-recap-september-27-2021/,Peter,2,1,M,5.0,0.0,20,1.6666666666666667,0.0,0.08333333333333334,0.0
2021-09-27,https://andynwof.wordpress.com/2021/09/27/wof-recap-september-27-2021/,Krishna,3,3500,Unknown,5.0,0.0,20,1.6666666666666667,0.0,0.08333333333333334,0.0
2021-09-27,https://andynwof.wordpress.com/2021/09/27/wof-recap-september-27-2021/,Tina,4,600,F,5.0,0.0,20,1.6666666666666667,0.0,0.08333333333333334,0.0
2021-09-27,https://andynwof.wordpress.com/2021/09/27/wof-recap-september-27-2021/,Peter,5,650,M,5.0,0.0,20,1.6666666666666667,0.0,0.08333333333333334,0.0
2021-09-27,https://andynwof.wordpress.com/2021/09/27/wof-recap-september-27-2021/,Peter,6,9,M,5.0,0.0,20,1.6666666666666667,0.0,0.08333333333333334,0.0
2021-09-27,https://andynwof.wordpress.com/2021/09/27/wof-recap-september-27-2021/,Krishna,7,2,Unknown,5.0,0.0,20,1.6666666666666667,0.0,0.08333333333333334,0.0
2021-09-27,https://andynwof.wordpress.com/2021/09/27/wof-recap-september-27-2021/,Krishna,8,1300,Unknown,5.0,0.0,20,1.6666666666666667,0.0,0.08333333333333334,0.0
2021-09-27,https://andynwof.wordpress.com/2021/09/27/wof-recap-september-27-2021/,Peter,9,1,M,5.0,0.0,20,1.6666666666666667,0.0,0.08333333333333334,0.0
2021-09-27,https://andynwof.wordpress.com/2021/09/27/wof-recap-september-27-2021/,Tina,10,11850,F,5.0,0.0,20,1.6666666666666667,0.0,0.08333333333333334,0.0
2021-09-27,https://andynwof.wordpress.com/2021/09/27/wof-recap-september-27-2021/,Peter,11,9,M,5.0,0.0,20,1.6666666666666667,0.0,0.08333333333333334,0.0
2021-09-27,https://andynwof.wordpress.com/2021/09/27/wof-recap-september-27-2021/,Krishna,12,2,Unknown,5.0,0.0,20,1.6666666666666667,0.0,0.08333333333333334,0.0
2021-09-27,https://andynwof.wordpress.com/2021/09/27/wof-recap-september-27-2021/,Tina,13,13850,F,5.0,0.0,20,1.6666666666666667,0.0,0.08333333333333334,0.0
2021-09-27,https://andynwof.wordpress.com/2021/09/27/wof-recap-september-27-2021/,Peter,14,17200,M,5.0,0.0,20,1.6666666666666667,0.0,0.08333333333333334,0.0
2021-09-27,https://andynwof.wordpress.com/2021/09/27/wof-recap-september-27-2021/,Krishna,15,4,Unknown,5.0,0.0,20,1.6666666666666667,0.0,0.08333333333333334,0.0
2021-09-28,https://andynwof.wordpress.com/2021/09/28/wof-recap-september-28-2021/,Melissa,1,1800,F,4.0,1.0,20,1.3333333333333333,0.3333333333333333,0.06666666666666667,0.016666666666666666
2021-09-28,https://andynwof.wordpress.com/2021/09/28/wof-recap-september-28-2021/,Jorge,2,650,M,4.0,1.0,20,1.3333333333333333,0.3333333333333333,0.06666666666666667,0.016666666666666666
2021-09-28,https://andynwof.wordpress.com/2021/09/28/wof-recap-september-28-2021/,Ashley,3,1300,F,4.0,1.0,20,1.3333333333333333,0.3333333333333333,0.06666666666666667,0.016666666666666666
2021-09-28,https://andynwof.wordpress.com/2021/09/28/wof-recap-september-28-2021/,Ashley,4,4,F,4.0,1.0,20,1.3333333333333333,0.3333333333333333,0.06666666666666667,0.016666666666666666
2021-09-28,https://andynwof.wordpress.com/2021/09/28/wof-recap-september-28-2021/,Melissa,5,650,F,4.0,1.0,20,1.3333333333333333,0.3333333333333333,0.06666666666666667,0.016666666666666666
2021-09-28,https://andynwof.wordpress.com/2021/09/28/wof-recap-september-28-2021/,Jorge,6,650,M,4.0,1.0,20,1.3333333333333333,0.3333333333333333,0.06666666666666667,0.016666666666666666
2021-09-28,https://andynwof.wordpress.com/2021/09/28/wof-recap-september-28-2021/,Melissa,7,2,F,4.0,1.0,20,1.3333333333333333,0.3333333333333333,0.06666666666666667,0.016666666666666666
2021-09-28,https://andynwof.wordpress.com/2021/09/28/wof-recap-september-28-2021/,Jorge,8,7600,M,4.0,1.0,20,1.3333333333333333,0.3333333333333333,0.06666666666666667,0.016666666666666666
2021-09-28,https://andynwof.wordpress.com/2021/09/28/wof-recap-september-28-2021/,Ashley,9,2300,F,4.0,1.0,20,1.3333333333333333,0.3333333333333333,0.06666666666666667,0.016666666666666666
2021-09-28,https://andynwof.wordpress.com/2021/09/28/wof-recap-september-28-2021/,Melissa,10,10500,F,4.0,1.0,20,1.3333333333333333,0.3333333333333333,0.06666666666666667,0.016666666666666666
2021-09-28,https://andynwof.wordpress.com/2021/09/28/wof-recap-september-28-2021/,Jorge,11,650,M,4.0,1.0,20,1.3333333333333333,0.3333333333333333,0.06666666666666667,0.016666666666666666
2021-09-28,https://andynwof.wordpress.com/2021/09/28/wof-recap-september-28-2021/,Melissa,12,9175,F,4.0,1.0,20,1.3333333333333333,0.3333333333333333,0.06666666666666667,0.016666666666666666
2021-09-28,https://andynwof.wordpress.com/2021/09/28/wof-recap-september-28-2021/,Jorge,13,7600,M,4.0,1.0,20,1.3333333333333333,0.3333333333333333,0.06666666666666667,0.016666666666666666
2021-09-28,https://andynwof.wordpress.com/2021/09/28/wof-recap-september-28-2021/,Ashley,14,2300,F,4.0,1.0,20,1.3333333333333333,0.3333333333333333,0.06666666666666667,0.016666666666666666
2021-09-28,https://andynwof.wordpress.com/2021/09/28/wof-recap-september-28-2021/,Melissa,15,20175,F,4.0,1.0,20,1.3333333333333333,0.3333333333333333,0.06666666666666667,0.016666666666666666
2021-09-28,https://andynwof.wordpress.com/2021/09/28/wof-recap-september-28-2021/,Jorge,16,11600,M,4.0,1.0,20,1.3333333333333333,0.3333333333333333,0.06666666666666667,0.016666666666666666
2021-09-28,https://andynwof.wordpress.com/2021/09/28/wof-recap-september-28-2021/,Ashley,17,2300,F,4.0,1.0,20,1.3333333333333333,0.3333333333333333,0.06666666666666667,0.016666666666666666
2021-09-29,https://andynwof.wordpress.com/2021/09/29/wof-recap-september-29-2021/,Chinue,1,700,Unknown,4.0,4.0,20,1.3333333333333333,1.3333333333333333,0.06666666666666667,0.06666666666666667
2021-09-29,https://andynwof.wordpress.com/2021/09/29/wof-recap-september-29-2021/,Daniel,2,900,M,4.0,4.0,20,1.3333333333333333,1.3333333333333333,0.06666666666666667,0.06666666666666667
2021-09-29,https://andynwof.wordpress.com/2021/09/29/wof-recap-september-29-2021/,Chinue,3,1800,Unknown,4.0,4.0,20,1.3333333333333333,1.3333333333333333,0.06666666666666667,0.06666666666666667
2021-09-29,https://andynwof.wordpress.com/2021/09/29/wof-recap-september-29-2021/,Lisa,4,4750,F,4.0,4.0,20,1.3333333333333333,1.3333333333333333,0.06666666666666667,0.06666666666666667
2021-09-29,https://andynwof.wordpress.com/2021/09/29/wof-recap-september-29-2021/,Daniel,5,1,M,4.0,4.0,20,1.3333333333333333,1.3333333333333333,0.06666666666666667,0.06666666666666667
2021-09-29,https://andynwof.wordpress.com/2021/09/29/wof-recap-september-29-2021/,Chinue,6,1800,Unknown,4.0,4.0,20,1.3333333333333333,1.3333333333333333,0.06666666666666667,0.06666666666666667
2021-09-29,https://andynwof.wordpress.com/2021/09/29/wof-recap-september-29-2021/,Chinue,7,1800,Unknown,4.0,4.0,20,1.3333333333333333,1.3333333333333333,0.06666666666666667,0.06666666666666667
2021-09-29,https://andynwof.wordpress.com/2021/09/29/wof-recap-september-29-2021/,Daniel,8,500,M,4.0,4.0,20,1.3333333333333333,1.3333333333333333,0.06666666666666667,0.06666666666666667
2021-09-29,https://andynwof.wordpress.com/2021/09/29/wof-recap-september-29-2021/,Lisa,9,4750,F,4.0,4.0,20,1.3333333333333333,1.3333333333333333,0.06666666666666667,0.06666666666666667
2021-09-29,https://andynwof.wordpress.com/2021/09/29/wof-recap-september-29-2021/,Daniel,10,10750,M,4.0,4.0,20,1.3333333333333333,1.3333333333333333,0.06666666666666667,0.06666666666666667
2021-09-29,https://andynwof.wordpress.com/2021/09/29/wof-recap-september-29-2021/,Chinue,11,1800,Unknown,4.0,4.0,20,1.3333333333333333,1.3333333333333333,0.06666666666666667,0.06666666666666667
2021-09-29,https://andynwof.wordpress.com/2021/09/29/wof-recap-september-29-2021/,Lisa,12,11950,F,4.0,4.0,20,1.3333333333333333,1.3333333333333333,0.06666666666666667,0.06666666666666667
2021-09-29,https://andynwof.wordpress.com/2021/09/29/wof-recap-september-29-2021/,Daniel,13,12750,M,4.0,4.0,20,1.3333333333333333,1.3333333333333333,0.06666666666666667,0.06666666666666667
2021-09-29,https://andynwof.wordpress.com/2021/09/29/wof-recap-september-29-2021/,Chinue,14,1800,Unknown,4.0,4.0,20,1.3333333333333333,1.3333333333333333,0.06666666666666667,0.06666666666666667
2021-09-30,https://andynwof.wordpress.com/2021/09/30/wof-recap-september-30-2021/,Chris,1,1300,M,3.0,3.0,20,1.0,1.0,0.05,0.05
2021-09-30,https://andynwof.wordpress.com/2021/09/30/wof-recap-september-30-2021/,Joyce,2,700,F,3.0,3.0,20,1.0,1.0,0.05,0.05
2021-09-30,https://andynwof.wordpress.com/2021/09/30/wof-recap-september-30-2021/,Joyce,3,500,F,3.0,3.0,20,1.0,1.0,0.05,0.05
2021-09-30,https://andynwof.wordpress.com/2021/09/30/wof-recap-september-30-2021/,Jessica,4,700,F,3.0,3.0,20,1.0,1.0,0.05,0.05
2021-09-30,https://andynwof.wordpress.com/2021/09/30/wof-recap-september-30-2021/,Joyce,5,650,F,3.0,3.0,20,1.0,1.0,0.05,0.05
2021-09-30,https://andynwof.wordpress.com/2021/09/30/wof-recap-september-30-2021/,Chris,6,700,M,3.0,3.0,20,1.0,1.0,0.05,0.05
2021-09-30,https://andynwof.wordpress.com/2021/09/30/wof-recap-september-30-2021/,Chris,7,7,M,3.0,3.0,20,1.0,1.0,0.05,0.05
2021-09-30,https://andynwof.wordpress.com/2021/09/30/wof-recap-september-30-2021/,Jessica,8,1,F,3.0,3.0,20,1.0,1.0,0.05,0.05
2021-09-30,https://andynwof.wordpress.com/2021/09/30/wof-recap-september-30-2021/,Chris,9,1,M,3.0,3.0,20,1.0,1.0,0.05,0.05
2021-09-30,https://andynwof.wordpress.com/2021/09/30/wof-recap-september-30-2021/,Chris,10,16810,M,3.0,3.0,20,1.0,1.0,0.05,0.05
2021-09-30,https://andynwof.wordpress.com/2021/09/30/wof-recap-september-30-2021/,Jessica,11,1,F,3.0,3.0,20,1.0,1.0,0.05,0.05
2021-09-30,https://andynwof.wordpress.com/2021/09/30/wof-recap-september-30-2021/,Joyce,12,2,F,3.0,3.0,20,1.0,1.0,0.05,0.05
2021-09-30,https://andynwof.wordpress.com/2021/09/30/wof-recap-september-30-2021/,Chris,13,23310,M,3.0,3.0,20,1.0,1.0,0.05,0.05
2021-09-30,https://andynwof.wordpress.com/2021/09/30/wof-recap-september-30-2021/,Jessica,14,3,F,3.0,3.0,20,1.0,1.0,0.05,0.05
2021-10-11,https://andynwof.wordpress.com/2021/10/11/wof-recap-october-11-2021/,Yanneisha,1,1200,Unknown,2.0,0.0,20,0.6666666666666666,0.0,0.03333333333333333,0.0
2021-10-11,https://andynwof.wordpress.com/2021/10/11/wof-recap-october-11-2021/,Michael,2,3200,M,2.0,0.0,20,0.6666666666666666,0.0,0.03333333333333333,0.0
2021-10-11,https://andynwof.wordpress.com/2021/10/11/wof-recap-october-11-2021/,Amy,3,650,F,2.0,0.0,20,0.6666666666666666,0.0,0.03333333333333333,0.0
2021-10-11,https://andynwof.wordpress.com/2021/10/11/wof-recap-october-11-2021/,Yanneisha,4,650,Unknown,2.0,0.0,20,0.6666666666666666,0.0,0.03333333333333333,0.0
2021-10-11,https://andynwof.wordpress.com/2021/10/11/wof-recap-october-11-2021/,Yanneisha,5,6,Unknown,2.0,0.0,20,0.6666666666666666,0.0,0.03333333333333333,0.0
2021-10-11,https://andynwof.wordpress.com/2021/10/11/wof-recap-october-11-2021/,Michael,6,15250,M,2.0,0.0,20,0.6666666666666666,0.0,0.03333333333333333,0.0
2021-10-11,https://andynwof.wordpress.com/2021/10/11/wof-recap-october-11-2021/,Amy,7,1,F,2.0,0.0,20,0.6666666666666666,0.0,0.03333333333333333,0.0
2021-10-11,https://andynwof.wordpress.com/2021/10/11/wof-recap-october-11-2021/,Amy,8,1,F,2.0,0.0,20,0.6666666666666666,0.0,0.03333333333333333,0.0
2021-10-11,https://andynwof.wordpress.com/2021/10/11/wof-recap-october-11-2021/,Bank,9,3250,Unknown,2.0,0.0,20,0.6666666666666666,0.0,0.03333333333333333,0.0
2021-10-11,https://andynwof.wordpress.com/2021/10/11/wof-recap-october-11-2021/,Yanneisha,10,900,Unknown,2.0,0.0,20,0.6666666666666666,0.0,0.03333333333333333,0.0
2021-10-11,https://andynwof.wordpress.com/2021/10/11/wof-recap-october-11-2021/,Yanneisha,11,15550,Unknown,2.0,0.0,20,0.6666666666666666,0.0,0.03333333333333333,0.0
2021-10-11,https://andynwof.wordpress.com/2021/10/11/wof-recap-october-11-2021/,Michael,12,15250,M,2.0,0.0,20,0.6666666666666666,0.0,0.03333333333333333,0.0
2021-10-11,https://andynwof.wordpress.com/2021/10/11/wof-recap-october-11-2021/,Amy,13,1,F,2.0,0.0,20,0.6666666666666666,0.0,0.03333333333333333,0.0
2021-10-11,https://andynwof.wordpress.com/2021/10/11/wof-recap-october-11-2021/,Yanneisha,14,19550,Unknown,2.0,0.0,20,0.6666666666666666,0.0,0.03333333333333333,0.0
2021-10-11,https://andynwof.wordpress.com/2021/10/11/wof-recap-october-11-2021/,Michael,15,20050,M,2.0,0.0,20,0.6666666666666666,0.0,0.03333333333333333,0.0
2021-10-11,https://andynwof.wordpress.com/2021/10/11/wof-recap-october-11-2021/,Amy,16,3,F,2.0,0.0,20,0.6666666666666666,0.0,0.03333333333333333,0.0
2021-10-12,https://andynwof.wordpress.com/2021/10/12/wof-recap-october-12-2021/,Nita,1,2500,F,2.0,2.0,20,0.6666666666666666,0.6666666666666666,0.03333333333333333,0.03333333333333333
2021-10-12,https://andynwof.wordpress.com/2021/10/12/wof-recap-october-12-2021/,Ben,2,600,M,2.0,2.0,20,0.6666666666666666,0.6666666666666666,0.03333333333333333,0.03333333333333333
2021-10-12,https://andynwof.wordpress.com/2021/10/12/wof-recap-october-12-2021/,Ben,3,15350,M,2.0,2.0,20,0.6666666666666666,0.6666666666666666,0.03333333333333333,0.03333333333333333
2021-10-12,https://andynwof.wordpress.com/2021/10/12/wof-recap-october-12-2021/,Nita,4,13950,F,2.0,2.0,20,0.6666666666666666,0.6666666666666666,0.03333333333333333,0.03333333333333333
2021-10-12,https://andynwof.wordpress.com/2021/10/12/wof-recap-october-12-2021/,Nita,5,550,F,2.0,2.0,20,0.6666666666666666,0.6666666666666666,0.03333333333333333,0.03333333333333333
2021-10-12,https://andynwof.wordpress.com/2021/10/12/wof-recap-october-12-2021/,Ben,6,15350,M,2.0,2.0,20,0.6666666666666666,0.6666666666666666,0.03333333333333333,0.03333333333333333
2021-10-12,https://andynwof.wordpress.com/2021/10/12/wof-recap-october-12-2021/,Nita,7,23750,F,2.0,2.0,20,0.6666666666666666,0.6666666666666666,0.03333333333333333,0.03333333333333333
2021-10-12,https://andynwof.wordpress.com/2021/10/12/wof-recap-october-12-2021/,Ben,8,15350,M,2.0,2.0,20,0.6666666666666666,0.6666666666666666,0.03333333333333333,0.03333333333333333
2021-10-12,https://andynwof.wordpress.com/2021/10/12/wof-recap-october-12-2021/,Kate,9,11500,F,2.0,2.0,20,0.6666666666666666,0.6666666666666666,0.03333333333333333,0.03333333333333333
2021-10-12,https://andynwof.wordpress.com/2021/10/12/wof-recap-october-12-2021/,Nita,10,25750,F,2.0,2.0,20,0.6666666666666666,0.6666666666666666,0.03333333333333333,0.03333333333333333
2021-10-13,https://andynwof.wordpress.com/2021/10/13/wof-recap-october-13-2021/,Miki,1,2800,F,3.0,2.0,20,1.0,0.6666666666666666,0.05,0.03333333333333333
2021-10-13,https://andynwof.wordpress.com/2021/10/13/wof-recap-october-13-2021/,Courtney,2,2500,F,3.0,2.0,20,1.0,0.6666666666666666,0.05,0.03333333333333333
2021-10-13,https://andynwof.wordpress.com/2021/10/13/wof-recap-october-13-2021/,Pete,3,700,M,3.0,2.0,20,1.0,0.6666666666666666,0.05,0.03333333333333333
2021-10-13,https://andynwof.wordpress.com/2021/10/13/wof-recap-october-13-2021/,Courtney,4,500,F,3.0,2.0,20,1.0,0.6666666666666666,0.05,0.03333333333333333
2021-10-13,https://andynwof.wordpress.com/2021/10/13/wof-recap-october-13-2021/,Pete,5,700,M,3.0,2.0,20,1.0,0.6666666666666666,0.05,0.03333333333333333
2021-10-13,https://andynwof.wordpress.com/2021/10/13/wof-recap-october-13-2021/,Pete,6,22944,M,3.0,2.0,20,1.0,0.6666666666666666,0.05,0.03333333333333333
2021-10-13,https://andynwof.wordpress.com/2021/10/13/wof-recap-october-13-2021/,Miki,7,3,F,3.0,2.0,20,1.0,0.6666666666666666,0.05,0.03333333333333333
2021-10-13,https://andynwof.wordpress.com/2021/10/13/wof-recap-october-13-2021/,Pete,8,36394,M,3.0,2.0,20,1.0,0.6666666666666666,0.05,0.03333333333333333
2021-10-13,https://andynwof.wordpress.com/2021/10/13/wof-recap-october-13-2021/,Miki,9,3,F,3.0,2.0,20,1.0,0.6666666666666666,0.05,0.03333333333333333
2021-10-13,https://andynwof.wordpress.com/2021/10/13/wof-recap-october-13-2021/,Pete,10,38394,M,3.0,2.0,20,1.0,0.6666666666666666,0.05,0.03333333333333333
2021-10-13,https://andynwof.wordpress.com/2021/10/13/wof-recap-october-13-2021/,Miki,11,11200,F,3.0,2.0,20,1.0,0.6666666666666666,0.05,0.03333333333333333
2021-10-13,https://andynwof.wordpress.com/2021/10/13/wof-recap-october-13-2021/,Courtney,12,2,F,3.0,2.0,20,1.0,0.6666666666666666,0.05,0.03333333333333333
2021-10-14,https://andynwof.wordpress.com/2021/10/14/wof-recap-october-14-2021/,Stacy,1,500,F,1.0,0.0,20,0.3333333333333333,0.0,0.016666666666666666,0.0
2021-10-14,https://andynwof.wordpress.com/2021/10/14/wof-recap-october-14-2021/,Nate,2,1800,F,1.0,0.0,20,0.3333333333333333,0.0,0.016666666666666666,0.0
2021-10-14,https://andynwof.wordpress.com/2021/10/14/wof-recap-october-14-2021/,Stacy,3,500,F,1.0,0.0,20,0.3333333333333333,0.0,0.016666666666666666,0.0
2021-10-14,https://andynwof.wordpress.com/2021/10/14/wof-recap-october-14-2021/,Nate,4,550,F,1.0,0.0,20,0.3333333333333333,0.0,0.016666666666666666,0.0
2021-10-14,https://andynwof.wordpress.com/2021/10/14/wof-recap-october-14-2021/,Natalise,5,1,Unknown,1.0,0.0,20,0.3333333333333333,0.0,0.016666666666666666,0.0
2021-10-14,https://andynwof.wordpress.com/2021/10/14/wof-recap-october-14-2021/,Stacy,6,2,F,1.0,0.0,20,0.3333333333333333,0.0,0.016666666666666666,0.0
2021-10-14,https://andynwof.wordpress.com/2021/10/14/wof-recap-october-14-2021/,Nate,7,16400,F,1.0,0.0,20,0.3333333333333333,0.0,0.016666666666666666,0.0
2021-10-14,https://andynwof.wordpress.com/2021/10/14/wof-recap-october-14-2021/,Natalise,8,11300,Unknown,1.0,0.0,20,0.3333333333333333,0.0,0.016666666666666666,0.0
2021-10-14,https://andynwof.wordpress.com/2021/10/14/wof-recap-october-14-2021/,Stacy,9,2,F,1.0,0.0,20,0.3333333333333333,0.0,0.016666666666666666,0.0
2021-10-14,https://andynwof.wordpress.com/2021/10/14/wof-recap-october-14-2021/,Nate,10,16400,F,1.0,0.0,20,0.3333333333333333,0.0,0.016666666666666666,0.0
2021-10-14,https://andynwof.wordpress.com/2021/10/14/wof-recap-october-14-2021/,Natalise,11,20800,Unknown,1.0,0.0,20,0.3333333333333333,0.0,0.016666666666666666,0.0
2021-10-14,https://andynwof.wordpress.com/2021/10/14/wof-recap-october-14-2021/,Stacy,12,6,F,1.0,0.0,20,0.3333333333333333,0.0,0.016666666666666666,0.0
2021-10-14,https://andynwof.wordpress.com/2021/10/14/wof-recap-october-14-2021/,Nate,13,16400,F,1.0,0.0,20,0.3333333333333333,0.0,0.016666666666666666,0.0
2021-10-15,https://andynwof.wordpress.com/2021/10/15/wof-recap-october-15-2021/,Melissa,1,2400,F,2.0,4.0,20,0.6666666666666666,1.3333333333333333,0.03333333333333333,0.06666666666666667
2021-10-15,https://andynwof.wordpress.com/2021/10/15/wof-recap-october-15-2021/,Sandy,2,1400,F,2.0,4.0,20,0.6666666666666666,1.3333333333333333,0.03333333333333333,0.06666666666666667
2021-10-15,https://andynwof.wordpress.com/2021/10/15/wof-recap-october-15-2021/,Sandy,3,650,F,2.0,4.0,20,0.6666666666666666,1.3333333333333333,0.03333333333333333,0.06666666666666667
2021-10-15,https://andynwof.wordpress.com/2021/10/15/wof-recap-october-15-2021/,Sandy,4,10300,F,2.0,4.0,20,0.6666666666666666,1.3333333333333333,0.03333333333333333,0.06666666666666667
2021-10-15,https://andynwof.wordpress.com/2021/10/15/wof-recap-october-15-2021/,Others,5,0,Unknown,2.0,4.0,20,0.6666666666666666,1.3333333333333333,0.03333333333333333,0.06666666666666667
2021-10-15,https://andynwof.wordpress.com/2021/10/15/wof-recap-october-15-2021/,Sandy,6,900,F,2.0,4.0,20,0.6666666666666666,1.3333333333333333,0.03333333333333333,0.06666666666666667
2021-10-15,https://andynwof.wordpress.com/2021/10/15/wof-recap-october-15-2021/,Bank,7,6900,Unknown,2.0,4.0,20,0.6666666666666666,1.3333333333333333,0.03333333333333333,0.06666666666666667
2021-10-15,https://andynwof.wordpress.com/2021/10/15/wof-recap-october-15-2021/,Sandy,8,29340,F,2.0,4.0,20,0.6666666666666666,1.3333333333333333,0.03333333333333333,0.06666666666666667
2021-10-15,https://andynwof.wordpress.com/2021/10/15/wof-recap-october-15-2021/,Melissa,9,2,F,2.0,4.0,20,0.6666666666666666,1.3333333333333333,0.03333333333333333,0.06666666666666667
2021-10-15,https://andynwof.wordpress.com/2021/10/15/wof-recap-october-15-2021/,Sandy,10,29340,F,2.0,4.0,20,0.6666666666666666,1.3333333333333333,0.03333333333333333,0.06666666666666667
2021-10-15,https://andynwof.wordpress.com/2021/10/15/wof-recap-october-15-2021/,Greg,11,7800,M,2.0,4.0,20,0.6666666666666666,1.3333333333333333,0.03333333333333333,0.06666666666666667
2021-10-18,https://andynwof.wordpress.com/2021/10/18/wof-recap-october-18-2021/,Melanio,1,1400,Unknown,5.0,2.0,20,1.6666666666666667,0.6666666666666666,0.08333333333333334,0.03333333333333333
2021-10-18,https://andynwof.wordpress.com/2021/10/18/wof-recap-october-18-2021/,Steve,2,650,M,5.0,2.0,20,1.6666666666666667,0.6666666666666666,0.08333333333333334,0.03333333333333333
2021-10-18,https://andynwof.wordpress.com/2021/10/18/wof-recap-october-18-2021/,Ruth,3,700,F,5.0,2.0,20,1.6666666666666667,0.6666666666666666,0.08333333333333334,0.03333333333333333
2021-10-18,https://andynwof.wordpress.com/2021/10/18/wof-recap-october-18-2021/,Ruth,4,800,F,5.0,2.0,20,1.6666666666666667,0.6666666666666666,0.08333333333333334,0.03333333333333333
2021-10-18,https://andynwof.wordpress.com/2021/10/18/wof-recap-october-18-2021/,Melanio,5,500,Unknown,5.0,2.0,20,1.6666666666666667,0.6666666666666666,0.08333333333333334,0.03333333333333333
2021-10-18,https://andynwof.wordpress.com/2021/10/18/wof-recap-october-18-2021/,Melanio,6,3250,Unknown,5.0,2.0,20,1.6666666666666667,0.6666666666666666,0.08333333333333334,0.03333333333333333
2021-10-18,https://andynwof.wordpress.com/2021/10/18/wof-recap-october-18-2021/,Ruth,7,1800,F,5.0,2.0,20,1.6666666666666667,0.6666666666666666,0.08333333333333334,0.03333333333333333
2021-10-18,https://andynwof.wordpress.com/2021/10/18/wof-recap-october-18-2021/,Ruth,8,17288,F,5.0,2.0,20,1.6666666666666667,0.6666666666666666,0.08333333333333334,0.03333333333333333
2021-10-18,https://andynwof.wordpress.com/2021/10/18/wof-recap-october-18-2021/,Melanio,9,3250,Unknown,5.0,2.0,20,1.6666666666666667,0.6666666666666666,0.08333333333333334,0.03333333333333333
2021-10-18,https://andynwof.wordpress.com/2021/10/18/wof-recap-october-18-2021/,Steve,10,700,M,5.0,2.0,20,1.6666666666666667,0.6666666666666666,0.08333333333333334,0.03333333333333333
2021-10-18,https://andynwof.wordpress.com/2021/10/18/wof-recap-october-18-2021/,Ruth,11,22688,F,5.0,2.0,20,1.6666666666666667,0.6666666666666666,0.08333333333333334,0.03333333333333333
2021-10-18,https://andynwof.wordpress.com/2021/10/18/wof-recap-october-18-2021/,Melanio,12,3250,Unknown,5.0,2.0,20,1.6666666666666667,0.6666666666666666,0.08333333333333334,0.03333333333333333
2021-10-18,https://andynwof.wordpress.com/2021/10/18/wof-recap-october-18-2021/,Steve,13,4,M,5.0,2.0,20,1.6666666666666667,0.6666666666666666,0.08333333333333334,0.03333333333333333
2021-10-19,https://andynwof.wordpress.com/2021/10/19/wof-recap-october-19-2021/,Gina,1,1300,F,6.0,2.0,20,2.0,0.6666666666666666,0.1,0.03333333333333333
2021-10-19,https://andynwof.wordpress.com/2021/10/19/wof-recap-october-19-2021/,Jake,2,550,M,6.0,2.0,20,2.0,0.6666666666666666,0.1,0.03333333333333333
2021-10-19,https://andynwof.wordpress.com/2021/10/19/wof-recap-october-19-2021/,Gina,3,700,F,6.0,2.0,20,2.0,0.6666666666666666,0.1,0.03333333333333333
2021-10-19,https://andynwof.wordpress.com/2021/10/19/wof-recap-october-19-2021/,Jake,4,1300,M,6.0,2.0,20,2.0,0.6666666666666666,0.1,0.03333333333333333
2021-10-19,https://andynwof.wordpress.com/2021/10/19/wof-recap-october-19-2021/,Gina,5,1,F,6.0,2.0,20,2.0,0.6666666666666666,0.1,0.03333333333333333
2021-10-19,https://andynwof.wordpress.com/2021/10/19/wof-recap-october-19-2021/,Jake,6,8050,M,6.0,2.0,20,2.0,0.6666666666666666,0.1,0.03333333333333333
2021-10-19,https://andynwof.wordpress.com/2021/10/19/wof-recap-october-19-2021/,Bonnie,7,3,F,6.0,2.0,20,2.0,0.6666666666666666,0.1,0.03333333333333333
2021-10-19,https://andynwof.wordpress.com/2021/10/19/wof-recap-october-19-2021/,Bonnie,8,550,F,6.0,2.0,20,2.0,0.6666666666666666,0.1,0.03333333333333333
2021-10-19,https://andynwof.wordpress.com/2021/10/19/wof-recap-october-19-2021/,Gina,9,700,F,6.0,2.0,20,2.0,0.6666666666666666,0.1,0.03333333333333333
2021-10-19,https://andynwof.wordpress.com/2021/10/19/wof-recap-october-19-2021/,Gina,10,1,F,6.0,2.0,20,2.0,0.6666666666666666,0.1,0.03333333333333333
2021-10-19,https://andynwof.wordpress.com/2021/10/19/wof-recap-october-19-2021/,Jake,11,15550,M,6.0,2.0,20,2.0,0.6666666666666666,0.1,0.03333333333333333
2021-10-19,https://andynwof.wordpress.com/2021/10/19/wof-recap-october-19-2021/,Bonnie,12,3,F,6.0,2.0,20,2.0,0.6666666666666666,0.1,0.03333333333333333
2021-10-19,https://andynwof.wordpress.com/2021/10/19/wof-recap-october-19-2021/,Gina,13,5,F,6.0,2.0,20,2.0,0.6666666666666666,0.1,0.03333333333333333
2021-10-19,https://andynwof.wordpress.com/2021/10/19/wof-recap-october-19-2021/,Jake,14,15550,M,6.0,2.0,20,2.0,0.6666666666666666,0.1,0.03333333333333333
2021-10-19,https://andynwof.wordpress.com/2021/10/19/wof-recap-october-19-2021/,Bonnie,15,9800,F,6.0,2.0,20,2.0,0.6666666666666666,0.1,0.03333333333333333
2021-10-20,https://andynwof.wordpress.com/2021/10/20/wof-recap-october-20-2021/,Anne,1,2750,F,0.0,2.0,20,0.0,0.6666666666666666,0.0,0.03333333333333333
2021-10-20,https://andynwof.wordpress.com/2021/10/20/wof-recap-october-20-2021/,Sean,2,12050,M,0.0,2.0,20,0.0,0.6666666666666666,0.0,0.03333333333333333
2021-10-20,https://andynwof.wordpress.com/2021/10/20/wof-recap-october-20-2021/,Anne,3,2750,F,0.0,2.0,20,0.0,0.6666666666666666,0.0,0.03333333333333333
2021-10-20,https://andynwof.wordpress.com/2021/10/20/wof-recap-october-20-2021/,Keisha,4,10751,F,0.0,2.0,20,0.0,0.6666666666666666,0.0,0.03333333333333333
2021-10-20,https://andynwof.wordpress.com/2021/10/20/wof-recap-october-20-2021/,Sean,5,12050,M,0.0,2.0,20,0.0,0.6666666666666666,0.0,0.03333333333333333
2021-10-20,https://andynwof.wordpress.com/2021/10/20/wof-recap-october-20-2021/,Anne,6,4750,F,0.0,2.0,20,0.0,0.6666666666666666,0.0,0.03333333333333333
2021-10-20,https://andynwof.wordpress.com/2021/10/20/wof-recap-october-20-2021/,Keisha,7,12751,F,0.0,2.0,20,0.0,0.6666666666666666,0.0,0.03333333333333333
2021-10-20,https://andynwof.wordpress.com/2021/10/20/wof-recap-october-20-2021/,Sean,8,17850,M,0.0,2.0,20,0.0,0.6666666666666666,0.0,0.03333333333333333
2021-10-21,https://andynwof.wordpress.com/2021/10/21/wof-recap-october-21-2021/,Amanda,1,3800,F,3.0,2.0,20,1.0,0.6666666666666666,0.05,0.03333333333333333
2021-10-21,https://andynwof.wordpress.com/2021/10/21/wof-recap-october-21-2021/,Shannon,2,2,F,3.0,2.0,20,1.0,0.6666666666666666,0.05,0.03333333333333333
2021-10-21,https://andynwof.wordpress.com/2021/10/21/wof-recap-october-21-2021/,Amanda,3,14571,F,3.0,2.0,20,1.0,0.6666666666666666,0.05,0.03333333333333333
2021-10-21,https://andynwof.wordpress.com/2021/10/21/wof-recap-october-21-2021/,Shannon,4,2,F,3.0,2.0,20,1.0,0.6666666666666666,0.05,0.03333333333333333
2021-10-21,https://andynwof.wordpress.com/2021/10/21/wof-recap-october-21-2021/,Amanda,5,16221,F,3.0,2.0,20,1.0,0.6666666666666666,0.05,0.03333333333333333
2021-10-21,https://andynwof.wordpress.com/2021/10/21/wof-recap-october-21-2021/,Dan,6,2,M,3.0,2.0,20,1.0,0.6666666666666666,0.05,0.03333333333333333
2021-10-21,https://andynwof.wordpress.com/2021/10/21/wof-recap-october-21-2021/,Shannon,7,6,F,3.0,2.0,20,1.0,0.6666666666666666,0.05,0.03333333333333333
2021-10-22,https://andynwof.wordpress.com/2021/10/22/wof-recap-october-22-2021/,Dyanda,1,1200,Unknown,5.0,1.0,20,1.6666666666666667,0.3333333333333333,0.08333333333333334,0.016666666666666666
2021-10-22,https://andynwof.wordpress.com/2021/10/22/wof-recap-october-22-2021/,Katie,2,1950,F,5.0,1.0,20,1.6666666666666667,0.3333333333333333,0.08333333333333334,0.016666666666666666
2021-10-22,https://andynwof.wordpress.com/2021/10/22/wof-recap-october-22-2021/,Anthone,3,1300,Unknown,5.0,1.0,20,1.6666666666666667,0.3333333333333333,0.08333333333333334,0.016666666666666666
2021-10-22,https://andynwof.wordpress.com/2021/10/22/wof-recap-october-22-2021/,Katie,4,2100,F,5.0,1.0,20,1.6666666666666667,0.3333333333333333,0.08333333333333334,0.016666666666666666
2021-10-22,https://andynwof.wordpress.com/2021/10/22/wof-recap-october-22-2021/,Dyanda,5,2,Unknown,5.0,1.0,20,1.6666666666666667,0.3333333333333333,0.08333333333333334,0.016666666666666666
2021-10-22,https://andynwof.wordpress.com/2021/10/22/wof-recap-october-22-2021/,Anthone,6,14050,Unknown,5.0,1.0,20,1.6666666666666667,0.3333333333333333,0.08333333333333334,0.016666666666666666
2021-10-22,https://andynwof.wordpress.com/2021/10/22/wof-recap-october-22-2021/,Anthone,7,650,Unknown,5.0,1.0,20,1.6666666666666667,0.3333333333333333,0.08333333333333334,0.016666666666666666
2021-10-22,https://andynwof.wordpress.com/2021/10/22/wof-recap-october-22-2021/,Dyanda,8,2,Unknown,5.0,1.0,20,1.6666666666666667,0.3333333333333333,0.08333333333333334,0.016666666666666666
2021-10-22,https://andynwof.wordpress.com/2021/10/22/wof-recap-october-22-2021/,Anthone,9,25903,Unknown,5.0,1.0,20,1.6666666666666667,0.3333333333333333,0.08333333333333334,0.016666666666666666
2021-10-22,https://andynwof.wordpress.com/2021/10/22/wof-recap-october-22-2021/,Anthone,10,30403,Unknown,5.0,1.0,20,1.6666666666666667,0.3333333333333333,0.08333333333333334,0.016666666666666666
2021-10-22,https://andynwof.wordpress.com/2021/10/22/wof-recap-october-22-2021/,Ladies,11,4,Unknown,5.0,1.0,20,1.6666666666666667,0.3333333333333333,0.08333333333333334,0.016666666666666666
2021-10-25,https://andynwof.wordpress.com/2021/10/25/wof-recap-october-25-2021/,Janet,1,650,F,3.0,2.0,20,1.0,0.6666666666666666,0.05,0.03333333333333333
2021-10-25,https://andynwof.wordpress.com/2021/10/25/wof-recap-october-25-2021/,Jerrad,2,1950,Unknown,3.0,2.0,20,1.0,0.6666666666666666,0.05,0.03333333333333333
2021-10-25,https://andynwof.wordpress.com/2021/10/25/wof-recap-october-25-2021/,Natalie,3,900,F,3.0,2.0,20,1.0,0.6666666666666666,0.05,0.03333333333333333
2021-10-25,https://andynwof.wordpress.com/2021/10/25/wof-recap-october-25-2021/,Jerrad,4,1,Unknown,3.0,2.0,20,1.0,0.6666666666666666,0.05,0.03333333333333333
2021-10-25,https://andynwof.wordpress.com/2021/10/25/wof-recap-october-25-2021/,Janet,5,17400,F,3.0,2.0,20,1.0,0.6666666666666666,0.05,0.03333333333333333
2021-10-25,https://andynwof.wordpress.com/2021/10/25/wof-recap-october-25-2021/,Natalie,6,2550,F,3.0,2.0,20,1.0,0.6666666666666666,0.05,0.03333333333333333
2021-10-25,https://andynwof.wordpress.com/2021/10/25/wof-recap-october-25-2021/,Jerrad,7,1800,Unknown,3.0,2.0,20,1.0,0.6666666666666666,0.05,0.03333333333333333
2021-10-25,https://andynwof.wordpress.com/2021/10/25/wof-recap-october-25-2021/,Janet,8,500,F,3.0,2.0,20,1.0,0.6666666666666666,0.05,0.03333333333333333
2021-10-25,https://andynwof.wordpress.com/2021/10/25/wof-recap-october-25-2021/,Jerrad,9,1,Unknown,3.0,2.0,20,1.0,0.6666666666666666,0.05,0.03333333333333333
2021-10-25,https://andynwof.wordpress.com/2021/10/25/wof-recap-october-25-2021/,Janet,10,17400,F,3.0,2.0,20,1.0,0.6666666666666666,0.05,0.03333333333333333
2021-10-25,https://andynwof.wordpress.com/2021/10/25/wof-recap-october-25-2021/,Natalie,11,9750,F,3.0,2.0,20,1.0,0.6666666666666666,0.05,0.03333333333333333
2021-10-25,https://andynwof.wordpress.com/2021/10/25/wof-recap-october-25-2021/,Jerrad,12,1,Unknown,3.0,2.0,20,1.0,0.6666666666666666,0.05,0.03333333333333333
2021-10-25,https://andynwof.wordpress.com/2021/10/25/wof-recap-october-25-2021/,Janet,13,1500,F,3.0,2.0,20,1.0,0.6666666666666666,0.05,0.03333333333333333
2021-10-25,https://andynwof.wordpress.com/2021/10/25/wof-recap-october-25-2021/,Natalie,14,650,F,3.0,2.0,20,1.0,0.6666666666666666,0.05,0.03333333333333333
2021-10-25,https://andynwof.wordpress.com/2021/10/25/wof-recap-october-25-2021/,Jerrad,15,3,Unknown,3.0,2.0,20,1.0,0.6666666666666666,0.05,0.03333333333333333
2021-10-25,https://andynwof.wordpress.com/2021/10/25/wof-recap-october-25-2021/,Janet,16,17400,F,3.0,2.0,20,1.0,0.6666666666666666,0.05,0.03333333333333333
2021-10-25,https://andynwof.wordpress.com/2021/10/25/wof-recap-october-25-2021/,Natalie,17,16100,F,3.0,2.0,20,1.0,0.6666666666666666,0.05,0.03333333333333333
2021-10-26,https://andynwof.wordpress.com/2021/10/26/wof-recap-october-26-2021/,Todd,1,1800,M,5.0,5.0,20,1.6666666666666667,1.6666666666666667,0.08333333333333334,0.08333333333333334
2021-10-26,https://andynwof.wordpress.com/2021/10/26/wof-recap-october-26-2021/,Reka,2,1800,Unknown,5.0,5.0,20,1.6666666666666667,1.6666666666666667,0.08333333333333334,0.08333333333333334
2021-10-26,https://andynwof.wordpress.com/2021/10/26/wof-recap-october-26-2021/,Karla,3,600,F,5.0,5.0,20,1.6666666666666667,1.6666666666666667,0.08333333333333334,0.08333333333333334
2021-10-26,https://andynwof.wordpress.com/2021/10/26/wof-recap-october-26-2021/,Karla,4,1400,F,5.0,5.0,20,1.6666666666666667,1.6666666666666667,0.08333333333333334,0.08333333333333334
2021-10-26,https://andynwof.wordpress.com/2021/10/26/wof-recap-october-26-2021/,Todd,5,900,M,5.0,5.0,20,1.6666666666666667,1.6666666666666667,0.08333333333333334,0.08333333333333334
2021-10-26,https://andynwof.wordpress.com/2021/10/26/wof-recap-october-26-2021/,Karla,6,11830,F,5.0,5.0,20,1.6666666666666667,1.6666666666666667,0.08333333333333334,0.08333333333333334
2021-10-26,https://andynwof.wordpress.com/2021/10/26/wof-recap-october-26-2021/,Todd,7,6,M,5.0,5.0,20,1.6666666666666667,1.6666666666666667,0.08333333333333334,0.08333333333333334
2021-10-26,https://andynwof.wordpress.com/2021/10/26/wof-recap-october-26-2021/,Reka,8,1200,Unknown,5.0,5.0,20,1.6666666666666667,1.6666666666666667,0.08333333333333334,0.08333333333333334
2021-10-26,https://andynwof.wordpress.com/2021/10/26/wof-recap-october-26-2021/,Karla,9,500,F,5.0,5.0,20,1.6666666666666667,1.6666666666666667,0.08333333333333334,0.08333333333333334
2021-10-26,https://andynwof.wordpress.com/2021/10/26/wof-recap-october-26-2021/,Bank,10,2500,Unknown,5.0,5.0,20,1.6666666666666667,1.6666666666666667,0.08333333333333334,0.08333333333333334
2021-10-26,https://andynwof.wordpress.com/2021/10/26/wof-recap-october-26-2021/,Karla,11,27580,F,5.0,5.0,20,1.6666666666666667,1.6666666666666667,0.08333333333333334,0.08333333333333334
2021-10-26,https://andynwof.wordpress.com/2021/10/26/wof-recap-october-26-2021/,Todd,12,6,M,5.0,5.0,20,1.6666666666666667,1.6666666666666667,0.08333333333333334,0.08333333333333334
2021-10-26,https://andynwof.wordpress.com/2021/10/26/wof-recap-october-26-2021/,Karla,13,29580,F,5.0,5.0,20,1.6666666666666667,1.6666666666666667,0.08333333333333334,0.08333333333333334
2021-10-26,https://andynwof.wordpress.com/2021/10/26/wof-recap-october-26-2021/,Reka,14,1,Unknown,5.0,5.0,20,1.6666666666666667,1.6666666666666667,0.08333333333333334,0.08333333333333334
2021-10-26,https://andynwof.wordpress.com/2021/10/26/wof-recap-october-26-2021/,Todd,15,14950,M,5.0,5.0,20,1.6666666666666667,1.6666666666666667,0.08333333333333334,0.08333333333333334
2021-10-27,https://andynwof.wordpress.com/2021/10/27/wof-recap-october-27-2021/,Jordan,1,800,M,0.0,1.0,20,0.0,0.3333333333333333,0.0,0.016666666666666666
2021-10-27,https://andynwof.wordpress.com/2021/10/27/wof-recap-october-27-2021/,Jordan,2,2600,M,0.0,1.0,20,0.0,0.3333333333333333,0.0,0.016666666666666666
2021-10-27,https://andynwof.wordpress.com/2021/10/27/wof-recap-october-27-2021/,Jordan,3,25800,M,0.0,1.0,20,0.0,0.3333333333333333,0.0,0.016666666666666666
2021-10-27,https://andynwof.wordpress.com/2021/10/27/wof-recap-october-27-2021/,Lisa,4,1,F,0.0,1.0,20,0.0,0.3333333333333333,0.0,0.016666666666666666
2021-10-27,https://andynwof.wordpress.com/2021/10/27/wof-recap-october-27-2021/,Darilyn,5,1200,Unknown,0.0,1.0,20,0.0,0.3333333333333333,0.0,0.016666666666666666
2021-10-27,https://andynwof.wordpress.com/2021/10/27/wof-recap-october-27-2021/,Jordan,6,550,M,0.0,1.0,20,0.0,0.3333333333333333,0.0,0.016666666666666666
2021-10-27,https://andynwof.wordpress.com/2021/10/27/wof-recap-october-27-2021/,Jordan,7,36910,M,0.0,1.0,20,0.0,0.3333333333333333,0.0,0.016666666666666666
2021-10-27,https://andynwof.wordpress.com/2021/10/27/wof-recap-october-27-2021/,Lisa,8,1,F,0.0,1.0,20,0.0,0.3333333333333333,0.0,0.016666666666666666
2021-10-27,https://andynwof.wordpress.com/2021/10/27/wof-recap-october-27-2021/,Lisa,9,5,F,0.0,1.0,20,0.0,0.3333333333333333,0.0,0.016666666666666666
2021-10-27,https://andynwof.wordpress.com/2021/10/27/wof-recap-october-27-2021/,Jordan,10,40610,M,0.0,1.0,20,0.0,0.3333333333333333,0.0,0.016666666666666666
2021-10-27,https://andynwof.wordpress.com/2021/10/27/wof-recap-october-27-2021/,Lisa,11,3,F,0.0,1.0,20,0.0,0.3333333333333333,0.0,0.016666666666666666
2021-10-27,https://andynwof.wordpress.com/2021/10/27/wof-recap-october-27-2021/,Darilyn,12,2,Unknown,0.0,1.0,20,0.0,0.3333333333333333,0.0,0.016666666666666666
2021-10-28,https://andynwof.wordpress.com/2021/10/28/wof-recap-october-28-2021/,Mike,1,650,M,5.0,0.0,20,1.6666666666666667,0.0,0.08333333333333334,0.0
2021-10-28,https://andynwof.wordpress.com/2021/10/28/wof-recap-october-28-2021/,Felicia,2,1800,F,5.0,0.0,20,1.6666666666666667,0.0,0.08333333333333334,0.0
2021-10-28,https://andynwof.wordpress.com/2021/10/28/wof-recap-october-28-2021/,Toya,3,1300,F,5.0,0.0,20,1.6666666666666667,0.0,0.08333333333333334,0.0
2021-10-28,https://andynwof.wordpress.com/2021/10/28/wof-recap-october-28-2021/,Mike,4,1650,M,5.0,0.0,20,1.6666666666666667,0.0,0.08333333333333334,0.0
2021-10-28,https://andynwof.wordpress.com/2021/10/28/wof-recap-october-28-2021/,Felicia,5,850,F,5.0,0.0,20,1.6666666666666667,0.0,0.08333333333333334,0.0
2021-10-28,https://andynwof.wordpress.com/2021/10/28/wof-recap-october-28-2021/,Toya,6,1950,F,5.0,0.0,20,1.6666666666666667,0.0,0.08333333333333334,0.0
2021-10-28,https://andynwof.wordpress.com/2021/10/28/wof-recap-october-28-2021/,Mike,7,4650,M,5.0,0.0,20,1.6666666666666667,0.0,0.08333333333333334,0.0
2021-10-28,https://andynwof.wordpress.com/2021/10/28/wof-recap-october-28-2021/,Toya,8,600,F,5.0,0.0,20,1.6666666666666667,0.0,0.08333333333333334,0.0
2021-10-28,https://andynwof.wordpress.com/2021/10/28/wof-recap-october-28-2021/,Toya,9,1950,F,5.0,0.0,20,1.6666666666666667,0.0,0.08333333333333334,0.0
2021-10-28,https://andynwof.wordpress.com/2021/10/28/wof-recap-october-28-2021/,Mike,10,4650,M,5.0,0.0,20,1.6666666666666667,0.0,0.08333333333333334,0.0
2021-10-28,https://andynwof.wordpress.com/2021/10/28/wof-recap-october-28-2021/,Felicia,11,7400,F,5.0,0.0,20,1.6666666666666667,0.0,0.08333333333333334,0.0
2021-10-28,https://andynwof.wordpress.com/2021/10/28/wof-recap-october-28-2021/,Toya,12,1950,F,5.0,0.0,20,1.6666666666666667,0.0,0.08333333333333334,0.0
2021-10-28,https://andynwof.wordpress.com/2021/10/28/wof-recap-october-28-2021/,Mike,13,8650,M,5.0,0.0,20,1.6666666666666667,0.0,0.08333333333333334,0.0
2021-10-28,https://andynwof.wordpress.com/2021/10/28/wof-recap-october-28-2021/,Felicia,14,15800,F,5.0,0.0,20,1.6666666666666667,0.0,0.08333333333333334,0.0
2021-10-29,https://andynwof.wordpress.com/2021/10/29/wof-recap-october-29-2021/,Chaz,1,1800,M,4.0,0.0,20,1.3333333333333333,0.0,0.06666666666666667,0.0
2021-10-29,https://andynwof.wordpress.com/2021/10/29/wof-recap-october-29-2021/,Chaz,2,1400,M,4.0,0.0,20,1.3333333333333333,0.0,0.06666666666666667,0.0
2021-10-29,https://andynwof.wordpress.com/2021/10/29/wof-recap-october-29-2021/,Chaz,3,800,M,4.0,0.0,20,1.3333333333333333,0.0,0.06666666666666667,0.0
2021-10-29,https://andynwof.wordpress.com/2021/10/29/wof-recap-october-29-2021/,Chaz,4,3500,M,4.0,0.0,20,1.3333333333333333,0.0,0.06666666666666667,0.0
2021-10-29,https://andynwof.wordpress.com/2021/10/29/wof-recap-october-29-2021/,Angela,5,850,F,4.0,0.0,20,1.3333333333333333,0.0,0.06666666666666667,0.0
2021-10-29,https://andynwof.wordpress.com/2021/10/29/wof-recap-october-29-2021/,Chaz,6,3450,M,4.0,0.0,20,1.3333333333333333,0.0,0.06666666666666667,0.0
2021-10-29,https://andynwof.wordpress.com/2021/10/29/wof-recap-october-29-2021/,Angela,7,1650,F,4.0,0.0,20,1.3333333333333333,0.0,0.06666666666666667,0.0
2021-10-29,https://andynwof.wordpress.com/2021/10/29/wof-recap-october-29-2021/,Chaz,8,3450,M,4.0,0.0,20,1.3333333333333333,0.0,0.06666666666666667,0.0
2021-10-29,https://andynwof.wordpress.com/2021/10/29/wof-recap-october-29-2021/,Angela,9,14157,F,4.0,0.0,20,1.3333333333333333,0.0,0.06666666666666667,0.0
2021-10-29,https://andynwof.wordpress.com/2021/10/29/wof-recap-october-29-2021/,Chaz,10,3450,M,4.0,0.0,20,1.3333333333333333,0.0,0.06666666666666667,0.0
2021-10-29,https://andynwof.wordpress.com/2021/10/29/wof-recap-october-29-2021/,Angela,11,16157,F,4.0,0.0,20,1.3333333333333333,0.0,0.06666666666666667,0.0
2021-11-10,https://andynwof.wordpress.com/2021/11/10/wof-recap-november-10-2021/,Rachel,1,900,F,4.0,3.0,20,1.3333333333333333,1.0,0.06666666666666667,0.05
2021-11-10,https://andynwof.wordpress.com/2021/11/10/wof-recap-november-10-2021/,Rachel,2,8350,F,4.0,3.0,20,1.3333333333333333,1.0,0.06666666666666667,0.05
2021-11-10,https://andynwof.wordpress.com/2021/11/10/wof-recap-november-10-2021/,Alicia,3,2,F,4.0,3.0,20,1.3333333333333333,1.0,0.06666666666666667,0.05
2021-11-10,https://andynwof.wordpress.com/2021/11/10/wof-recap-november-10-2021/,Rachel,4,800,F,4.0,3.0,20,1.3333333333333333,1.0,0.06666666666666667,0.05
2021-11-10,https://andynwof.wordpress.com/2021/11/10/wof-recap-november-10-2021/,Rachel,5,8350,F,4.0,3.0,20,1.3333333333333333,1.0,0.06666666666666667,0.05
2021-11-10,https://andynwof.wordpress.com/2021/11/10/wof-recap-november-10-2021/,Alicia,6,19980,F,4.0,3.0,20,1.3333333333333333,1.0,0.06666666666666667,0.05
2021-11-10,https://andynwof.wordpress.com/2021/11/10/wof-recap-november-10-2021/,Roy,7,10,M,4.0,3.0,20,1.3333333333333333,1.0,0.06666666666666667,0.05
2021-11-10,https://andynwof.wordpress.com/2021/11/10/wof-recap-november-10-2021/,Rachel,8,32350,F,4.0,3.0,20,1.3333333333333333,1.0,0.06666666666666667,0.05
2021-11-10,https://andynwof.wordpress.com/2021/11/10/wof-recap-november-10-2021/,Alicia,9,19980,F,4.0,3.0,20,1.3333333333333333,1.0,0.06666666666666667,0.05
2021-11-11,https://andynwof.wordpress.com/2021/11/11/wof-recap-november-11-2021/,Rebecca,1,1800,F,4.0,2.0,20,1.3333333333333333,0.6666666666666666,0.06666666666666667,0.03333333333333333
2021-11-11,https://andynwof.wordpress.com/2021/11/11/wof-recap-november-11-2021/,Fred,2,650,M,4.0,2.0,20,1.3333333333333333,0.6666666666666666,0.06666666666666667,0.03333333333333333
2021-11-11,https://andynwof.wordpress.com/2021/11/11/wof-recap-november-11-2021/,Annie,3,700,F,4.0,2.0,20,1.3333333333333333,0.6666666666666666,0.06666666666666667,0.03333333333333333
2021-11-11,https://andynwof.wordpress.com/2021/11/11/wof-recap-november-11-2021/,Rebecca,4,1800,F,4.0,2.0,20,1.3333333333333333,0.6666666666666666,0.06666666666666667,0.03333333333333333
2021-11-11,https://andynwof.wordpress.com/2021/11/11/wof-recap-november-11-2021/,Ladies,5,5200,Unknown,4.0,2.0,20,1.3333333333333333,0.6666666666666666,0.06666666666666667,0.03333333333333333
2021-11-11,https://andynwof.wordpress.com/2021/11/11/wof-recap-november-11-2021/,Annie,6,650,F,4.0,2.0,20,1.3333333333333333,0.6666666666666666,0.06666666666666667,0.03333333333333333
2021-11-11,https://andynwof.wordpress.com/2021/11/11/wof-recap-november-11-2021/,Annie,7,5200,F,4.0,2.0,20,1.3333333333333333,0.6666666666666666,0.06666666666666667,0.03333333333333333
2021-11-11,https://andynwof.wordpress.com/2021/11/11/wof-recap-november-11-2021/,Rebecca,8,13500,F,4.0,2.0,20,1.3333333333333333,0.6666666666666666,0.06666666666666667,0.03333333333333333
2021-11-11,https://andynwof.wordpress.com/2021/11/11/wof-recap-november-11-2021/,Annie,9,5200,F,4.0,2.0,20,1.3333333333333333,0.6666666666666666,0.06666666666666667,0.03333333333333333
2021-11-11,https://andynwof.wordpress.com/2021/11/11/wof-recap-november-11-2021/,Rebecca,10,15500,F,4.0,2.0,20,1.3333333333333333,0.6666666666666666,0.06666666666666667,0.03333333333333333
2021-11-11,https://andynwof.wordpress.com/2021/11/11/wof-recap-november-11-2021/,Fred,11,7400,M,4.0,2.0,20,1.3333333333333333,0.6666666666666666,0.06666666666666667,0.03333333333333333
2021-11-12,https://andynwof.wordpress.com/2021/11/12/wof-recap-november-12-2021/,Anita,1,1400,F,5.0,4.0,20,1.6666666666666667,1.3333333333333333,0.08333333333333334,0.06666666666666667
2021-11-12,https://andynwof.wordpress.com/2021/11/12/wof-recap-november-12-2021/,Kevin,2,1200,M,5.0,4.0,20,1.6666666666666667,1.3333333333333333,0.08333333333333334,0.06666666666666667
2021-11-12,https://andynwof.wordpress.com/2021/11/12/wof-recap-november-12-2021/,Kevin,3,1300,M,5.0,4.0,20,1.6666666666666667,1.3333333333333333,0.08333333333333334,0.06666666666666667
2021-11-12,https://andynwof.wordpress.com/2021/11/12/wof-recap-november-12-2021/,Kevin,4,600,M,5.0,4.0,20,1.6666666666666667,1.3333333333333333,0.08333333333333334,0.06666666666666667
2021-11-12,https://andynwof.wordpress.com/2021/11/12/wof-recap-november-12-2021/,Kevin,5,4400,M,5.0,4.0,20,1.6666666666666667,1.3333333333333333,0.08333333333333334,0.06666666666666667
2021-11-12,https://andynwof.wordpress.com/2021/11/12/wof-recap-november-12-2021/,Anita,6,3,F,5.0,4.0,20,1.6666666666666667,1.3333333333333333,0.08333333333333334,0.06666666666666667
2021-11-12,https://andynwof.wordpress.com/2021/11/12/wof-recap-november-12-2021/,Anita,7,7,F,5.0,4.0,20,1.6666666666666667,1.3333333333333333,0.08333333333333334,0.06666666666666667
2021-11-12,https://andynwof.wordpress.com/2021/11/12/wof-recap-november-12-2021/,Kevin,8,14500,M,5.0,4.0,20,1.6666666666666667,1.3333333333333333,0.08333333333333334,0.06666666666666667
2021-11-12,https://andynwof.wordpress.com/2021/11/12/wof-recap-november-12-2021/,Anita,9,3,F,5.0,4.0,20,1.6666666666666667,1.3333333333333333,0.08333333333333334,0.06666666666666667
2021-11-12,https://andynwof.wordpress.com/2021/11/12/wof-recap-november-12-2021/,Kevin,10,18500,M,5.0,4.0,20,1.6666666666666667,1.3333333333333333,0.08333333333333334,0.06666666666666667
2021-11-12,https://andynwof.wordpress.com/2021/11/12/wof-recap-november-12-2021/,Anita,11,5,F,5.0,4.0,20,1.6666666666666667,1.3333333333333333,0.08333333333333334,0.06666666666666667
2021-11-15,https://andynwof.wordpress.com/2021/11/15/wof-recap-november-15-2021/,Valerie,1,1800,F,8.0,0.0,20,2.6666666666666665,0.0,0.13333333333333333,0.0
2021-11-15,https://andynwof.wordpress.com/2021/11/15/wof-recap-november-15-2021/,Michelle,2,1800,F,8.0,0.0,20,2.6666666666666665,0.0,0.13333333333333333,0.0
2021-11-15,https://andynwof.wordpress.com/2021/11/15/wof-recap-november-15-2021/,Michelle,3,650,F,8.0,0.0,20,2.6666666666666665,0.0,0.13333333333333333,0.0
2021-11-15,https://andynwof.wordpress.com/2021/11/15/wof-recap-november-15-2021/,Taylor,4,500,M,8.0,0.0,20,2.6666666666666665,0.0,0.13333333333333333,0.0
2021-11-15,https://andynwof.wordpress.com/2021/11/15/wof-recap-november-15-2021/,Michelle,5,600,F,8.0,0.0,20,2.6666666666666665,0.0,0.13333333333333333,0.0
2021-11-15,https://andynwof.wordpress.com/2021/11/15/wof-recap-november-15-2021/,Valerie,6,550,F,8.0,0.0,20,2.6666666666666665,0.0,0.13333333333333333,0.0
2021-11-15,https://andynwof.wordpress.com/2021/11/15/wof-recap-november-15-2021/,Valerie,7,2,F,8.0,0.0,20,2.6666666666666665,0.0,0.13333333333333333,0.0
2021-11-15,https://andynwof.wordpress.com/2021/11/15/wof-recap-november-15-2021/,Michelle,8,5350,F,8.0,0.0,20,2.6666666666666665,0.0,0.13333333333333333,0.0
2021-11-15,https://andynwof.wordpress.com/2021/11/15/wof-recap-november-15-2021/,Taylor,9,600,M,8.0,0.0,20,2.6666666666666665,0.0,0.13333333333333333,0.0
2021-11-15,https://andynwof.wordpress.com/2021/11/15/wof-recap-november-15-2021/,Taylor,10,2550,M,8.0,0.0,20,2.6666666666666665,0.0,0.13333333333333333,0.0
2021-11-15,https://andynwof.wordpress.com/2021/11/15/wof-recap-november-15-2021/,Valerie,11,900,F,8.0,0.0,20,2.6666666666666665,0.0,0.13333333333333333,0.0
2021-11-15,https://andynwof.wordpress.com/2021/11/15/wof-recap-november-15-2021/,Valerie,12,11150,F,8.0,0.0,20,2.6666666666666665,0.0,0.13333333333333333,0.0
2021-11-15,https://andynwof.wordpress.com/2021/11/15/wof-recap-november-15-2021/,Michelle,13,5350,F,8.0,0.0,20,2.6666666666666665,0.0,0.13333333333333333,0.0
2021-11-15,https://andynwof.wordpress.com/2021/11/15/wof-recap-november-15-2021/,Taylor,14,2,M,8.0,0.0,20,2.6666666666666665,0.0,0.13333333333333333,0.0
2021-11-15,https://andynwof.wordpress.com/2021/11/15/wof-recap-november-15-2021/,Valerie,15,13150,F,8.0,0.0,20,2.6666666666666665,0.0,0.13333333333333333,0.0
2021-11-15,https://andynwof.wordpress.com/2021/11/15/wof-recap-november-15-2021/,Michelle,16,12450,F,8.0,0.0,20,2.6666666666666665,0.0,0.13333333333333333,0.0
2021-11-16,https://andynwof.wordpress.com/2021/11/16/wof-recap-november-16-2021/,Gabe,1,2500,M,6.0,4.0,20,2.0,1.3333333333333333,0.1,0.06666666666666667
2021-11-16,https://andynwof.wordpress.com/2021/11/16/wof-recap-november-16-2021/,Gabe,2,1800,M,6.0,4.0,20,2.0,1.3333333333333333,0.1,0.06666666666666667
2021-11-16,https://andynwof.wordpress.com/2021/11/16/wof-recap-november-16-2021/,Gabe,3,1300,M,6.0,4.0,20,2.0,1.3333333333333333,0.1,0.06666666666666667
2021-11-16,https://andynwof.wordpress.com/2021/11/16/wof-recap-november-16-2021/,Bon,4,10800,Unknown,6.0,4.0,20,2.0,1.3333333333333333,0.1,0.06666666666666667
2021-11-16,https://andynwof.wordpress.com/2021/11/16/wof-recap-november-16-2021/,Vanessa,5,3,F,6.0,4.0,20,2.0,1.3333333333333333,0.1,0.06666666666666667
2021-11-16,https://andynwof.wordpress.com/2021/11/16/wof-recap-november-16-2021/,Gabe,6,1700,M,6.0,4.0,20,2.0,1.3333333333333333,0.1,0.06666666666666667
2021-11-16,https://andynwof.wordpress.com/2021/11/16/wof-recap-november-16-2021/,Gabe,7,1200,M,6.0,4.0,20,2.0,1.3333333333333333,0.1,0.06666666666666667
2021-11-16,https://andynwof.wordpress.com/2021/11/16/wof-recap-november-16-2021/,Bank,8,4950,Unknown,6.0,4.0,20,2.0,1.3333333333333333,0.1,0.06666666666666667
2021-11-16,https://andynwof.wordpress.com/2021/11/16/wof-recap-november-16-2021/,Bon,9,10800,Unknown,6.0,4.0,20,2.0,1.3333333333333333,0.1,0.06666666666666667
2021-11-16,https://andynwof.wordpress.com/2021/11/16/wof-recap-november-16-2021/,Vanessa,10,3,F,6.0,4.0,20,2.0,1.3333333333333333,0.1,0.06666666666666667
2021-11-16,https://andynwof.wordpress.com/2021/11/16/wof-recap-november-16-2021/,Gabe,11,16010,M,6.0,4.0,20,2.0,1.3333333333333333,0.1,0.06666666666666667
2021-11-16,https://andynwof.wordpress.com/2021/11/16/wof-recap-november-16-2021/,Bon,12,12800,Unknown,6.0,4.0,20,2.0,1.3333333333333333,0.1,0.06666666666666667
2021-11-16,https://andynwof.wordpress.com/2021/11/16/wof-recap-november-16-2021/,Vanessa,13,5,F,6.0,4.0,20,2.0,1.3333333333333333,0.1,0.06666666666666667
2021-11-16,https://andynwof.wordpress.com/2021/11/16/wof-recap-november-16-2021/,Gabe,14,21010,M,6.0,4.0,20,2.0,1.3333333333333333,0.1,0.06666666666666667
2021-11-17,https://andynwof.wordpress.com/2021/11/17/wof-recap-november-17-2021/,Pete,1,1200,M,3.0,2.0,20,1.0,0.6666666666666666,0.05,0.03333333333333333
2021-11-17,https://andynwof.wordpress.com/2021/11/17/wof-recap-november-17-2021/,Angel,2,8300,M,3.0,2.0,20,1.0,0.6666666666666666,0.05,0.03333333333333333
2021-11-17,https://andynwof.wordpress.com/2021/11/17/wof-recap-november-17-2021/,Pete,3,1200,M,3.0,2.0,20,1.0,0.6666666666666666,0.05,0.03333333333333333
2021-11-17,https://andynwof.wordpress.com/2021/11/17/wof-recap-november-17-2021/,Angel,4,18730,M,3.0,2.0,20,1.0,0.6666666666666666,0.05,0.03333333333333333
2021-11-17,https://andynwof.wordpress.com/2021/11/17/wof-recap-november-17-2021/,Kat,5,1,F,3.0,2.0,20,1.0,0.6666666666666666,0.05,0.03333333333333333
2021-11-17,https://andynwof.wordpress.com/2021/11/17/wof-recap-november-17-2021/,Pete,6,16150,M,3.0,2.0,20,1.0,0.6666666666666666,0.05,0.03333333333333333
2021-11-17,https://andynwof.wordpress.com/2021/11/17/wof-recap-november-17-2021/,Linda,7,18730,F,3.0,2.0,20,1.0,0.6666666666666666,0.05,0.03333333333333333
2021-11-18,https://andynwof.wordpress.com/2021/11/18/wof-recap-november-18-2021/,Christina,1,3,F,2.0,3.0,20,0.6666666666666666,1.0,0.03333333333333333,0.05
2021-11-18,https://andynwof.wordpress.com/2021/11/18/wof-recap-november-18-2021/,Steven,2,8650,M,2.0,3.0,20,0.6666666666666666,1.0,0.03333333333333333,0.05
2021-11-18,https://andynwof.wordpress.com/2021/11/18/wof-recap-november-18-2021/,Lisa,3,3550,F,2.0,3.0,20,0.6666666666666666,1.0,0.03333333333333333,0.05
2021-11-18,https://andynwof.wordpress.com/2021/11/18/wof-recap-november-18-2021/,Christina,4,16505,F,2.0,3.0,20,0.6666666666666666,1.0,0.03333333333333333,0.05
2021-11-18,https://andynwof.wordpress.com/2021/11/18/wof-recap-november-18-2021/,Steven,5,8650,M,2.0,3.0,20,0.6666666666666666,1.0,0.03333333333333333,0.05
2021-11-18,https://andynwof.wordpress.com/2021/11/18/wof-recap-november-18-2021/,Lisa,6,3550,F,2.0,3.0,20,0.6666666666666666,1.0,0.03333333333333333,0.05
2021-11-18,https://andynwof.wordpress.com/2021/11/18/wof-recap-november-18-2021/,Christina,7,20055,F,2.0,3.0,20,0.6666666666666666,1.0,0.03333333333333333,0.05
2021-11-18,https://andynwof.wordpress.com/2021/11/18/wof-recap-november-18-2021/,Steven,8,12650,M,2.0,3.0,20,0.6666666666666666,1.0,0.03333333333333333,0.05
2021-11-18,https://andynwof.wordpress.com/2021/11/18/wof-recap-november-18-2021/,Lisa,9,3550,F,2.0,3.0,20,0.6666666666666666,1.0,0.03333333333333333,0.05
2021-11-18,https://andynwof.wordpress.com/2021/11/18/wof-recap-november-18-2021/,Christina,10,20055,F,2.0,3.0,20,0.6666666666666666,1.0,0.03333333333333333,0.05
2021-11-18,https://andynwof.wordpress.com/2021/11/18/wof-recap-november-18-2021/,Steven,11,21650,M,2.0,3.0,20,0.6666666666666666,1.0,0.03333333333333333,0.05
2021-11-18,https://andynwof.wordpress.com/2021/11/18/wof-recap-november-18-2021/,Lisa,12,3550,F,2.0,3.0,20,0.6666666666666666,1.0,0.03333333333333333,0.05
2021-11-19,https://andynwof.wordpress.com/2021/11/19/wof-recap-november-19-2021/,Heather,1,1800,F,3.0,2.0,20,1.0,0.6666666666666666,0.05,0.03333333333333333
2021-11-19,https://andynwof.wordpress.com/2021/11/19/wof-recap-november-19-2021/,Heather,2,600,F,3.0,2.0,20,1.0,0.6666666666666666,0.05,0.03333333333333333
2021-11-19,https://andynwof.wordpress.com/2021/11/19/wof-recap-november-19-2021/,Tamala,3,650,F,3.0,2.0,20,1.0,0.6666666666666666,0.05,0.03333333333333333
2021-11-19,https://andynwof.wordpress.com/2021/11/19/wof-recap-november-19-2021/,Heather,4,700,F,3.0,2.0,20,1.0,0.6666666666666666,0.05,0.03333333333333333
2021-11-19,https://andynwof.wordpress.com/2021/11/19/wof-recap-november-19-2021/,Joe,5,2,M,3.0,2.0,20,1.0,0.6666666666666666,0.05,0.03333333333333333
2021-11-19,https://andynwof.wordpress.com/2021/11/19/wof-recap-november-19-2021/,Heather,6,5400,F,3.0,2.0,20,1.0,0.6666666666666666,0.05,0.03333333333333333
2021-11-19,https://andynwof.wordpress.com/2021/11/19/wof-recap-november-19-2021/,Tamala,7,1800,F,3.0,2.0,20,1.0,0.6666666666666666,0.05,0.03333333333333333
2021-11-19,https://andynwof.wordpress.com/2021/11/19/wof-recap-november-19-2021/,Joe,8,10600,M,3.0,2.0,20,1.0,0.6666666666666666,0.05,0.03333333333333333
2021-11-19,https://andynwof.wordpress.com/2021/11/19/wof-recap-november-19-2021/,Heather,9,5400,F,3.0,2.0,20,1.0,0.6666666666666666,0.05,0.03333333333333333
2021-11-19,https://andynwof.wordpress.com/2021/11/19/wof-recap-november-19-2021/,Tamala,10,900,F,3.0,2.0,20,1.0,0.6666666666666666,0.05,0.03333333333333333
2021-11-19,https://andynwof.wordpress.com/2021/11/19/wof-recap-november-19-2021/,Joe,11,850,M,3.0,2.0,20,1.0,0.6666666666666666,0.05,0.03333333333333333
2021-11-19,https://andynwof.wordpress.com/2021/11/19/wof-recap-november-19-2021/,Joe,12,12600,M,3.0,2.0,20,1.0,0.6666666666666666,0.05,0.03333333333333333
2021-11-19,https://andynwof.wordpress.com/2021/11/19/wof-recap-november-19-2021/,Heather,13,9100,F,3.0,2.0,20,1.0,0.6666666666666666,0.05,0.03333333333333333
2021-11-19,https://andynwof.wordpress.com/2021/11/19/wof-recap-november-19-2021/,Tamala,14,2,F,3.0,2.0,20,1.0,0.6666666666666666,0.05,0.03333333333333333
2021-11-22,https://andynwof.wordpress.com/2021/11/22/wof-recap-november-22-2021/,Imani,1,600,F,3.0,0.0,20,1.0,0.0,0.05,0.0
2021-11-22,https://andynwof.wordpress.com/2021/11/22/wof-recap-november-22-2021/,Rich,2,900,M,3.0,0.0,20,1.0,0.0,0.05,0.0
2021-11-22,https://andynwof.wordpress.com/2021/11/22/wof-recap-november-22-2021/,Lauren,3,600,F,3.0,0.0,20,1.0,0.0,0.05,0.0
2021-11-22,https://andynwof.wordpress.com/2021/11/22/wof-recap-november-22-2021/,Imani,4,500,F,3.0,0.0,20,1.0,0.0,0.05,0.0
2021-11-22,https://andynwof.wordpress.com/2021/11/22/wof-recap-november-22-2021/,Rich,5,650,M,3.0,0.0,20,1.0,0.0,0.05,0.0
2021-11-22,https://andynwof.wordpress.com/2021/11/22/wof-recap-november-22-2021/,Rich,6,600,M,3.0,0.0,20,1.0,0.0,0.05,0.0
2021-11-22,https://andynwof.wordpress.com/2021/11/22/wof-recap-november-22-2021/,Rich,7,3600,M,3.0,0.0,20,1.0,0.0,0.05,0.0
2021-11-22,https://andynwof.wordpress.com/2021/11/22/wof-recap-november-22-2021/,Ladies,8,2,Unknown,3.0,0.0,20,1.0,0.0,0.05,0.0
2021-11-22,https://andynwof.wordpress.com/2021/11/22/wof-recap-november-22-2021/,Lauren,9,550,F,3.0,0.0,20,1.0,0.0,0.05,0.0
2021-11-22,https://andynwof.wordpress.com/2021/11/22/wof-recap-november-22-2021/,Rich,10,3600,M,3.0,0.0,20,1.0,0.0,0.05,0.0
2021-11-22,https://andynwof.wordpress.com/2021/11/22/wof-recap-november-22-2021/,Lauren,11,17675,F,3.0,0.0,20,1.0,0.0,0.05,0.0
2021-11-22,https://andynwof.wordpress.com/2021/11/22/wof-recap-november-22-2021/,Imani,12,2,F,3.0,0.0,20,1.0,0.0,0.05,0.0
2021-11-22,https://andynwof.wordpress.com/2021/11/22/wof-recap-november-22-2021/,Rich,13,5600,M,3.0,0.0,20,1.0,0.0,0.05,0.0
2021-11-22,https://andynwof.wordpress.com/2021/11/22/wof-recap-november-22-2021/,Lauren,14,27675,F,3.0,0.0,20,1.0,0.0,0.05,0.0
2021-11-22,https://andynwof.wordpress.com/2021/11/22/wof-recap-november-22-2021/,Imani,15,2,F,3.0,0.0,20,1.0,0.0,0.05,0.0
2021-11-23,https://andynwof.wordpress.com/2021/11/23/wof-recap-november-23-2021/,Michael,1,700,M,1.0,2.0,20,0.3333333333333333,0.6666666666666666,0.016666666666666666,0.03333333333333333
2021-11-23,https://andynwof.wordpress.com/2021/11/23/wof-recap-november-23-2021/,Nessa,2,650,F,1.0,2.0,20,0.3333333333333333,0.6666666666666666,0.016666666666666666,0.03333333333333333
2021-11-23,https://andynwof.wordpress.com/2021/11/23/wof-recap-november-23-2021/,Lindsay,3,500,F,1.0,2.0,20,0.3333333333333333,0.6666666666666666,0.016666666666666666,0.03333333333333333
2021-11-23,https://andynwof.wordpress.com/2021/11/23/wof-recap-november-23-2021/,Michael,4,900,M,1.0,2.0,20,0.3333333333333333,0.6666666666666666,0.016666666666666666,0.03333333333333333
2021-11-23,https://andynwof.wordpress.com/2021/11/23/wof-recap-november-23-2021/,Nessa,5,700,F,1.0,2.0,20,0.3333333333333333,0.6666666666666666,0.016666666666666666,0.03333333333333333
2021-11-23,https://andynwof.wordpress.com/2021/11/23/wof-recap-november-23-2021/,Lindsay,6,500,F,1.0,2.0,20,0.3333333333333333,0.6666666666666666,0.016666666666666666,0.03333333333333333
2021-11-23,https://andynwof.wordpress.com/2021/11/23/wof-recap-november-23-2021/,Michael,7,600,M,1.0,2.0,20,0.3333333333333333,0.6666666666666666,0.016666666666666666,0.03333333333333333
2021-11-23,https://andynwof.wordpress.com/2021/11/23/wof-recap-november-23-2021/,Nessa,8,1,F,1.0,2.0,20,0.3333333333333333,0.6666666666666666,0.016666666666666666,0.03333333333333333
2021-11-23,https://andynwof.wordpress.com/2021/11/23/wof-recap-november-23-2021/,Michael,9,6600,M,1.0,2.0,20,0.3333333333333333,0.6666666666666666,0.016666666666666666,0.03333333333333333
2021-11-23,https://andynwof.wordpress.com/2021/11/23/wof-recap-november-23-2021/,Nessa,10,1,F,1.0,2.0,20,0.3333333333333333,0.6666666666666666,0.016666666666666666,0.03333333333333333
2021-11-23,https://andynwof.wordpress.com/2021/11/23/wof-recap-november-23-2021/,Lindsay,11,600,F,1.0,2.0,20,0.3333333333333333,0.6666666666666666,0.016666666666666666,0.03333333333333333
2021-11-23,https://andynwof.wordpress.com/2021/11/23/wof-recap-november-23-2021/,Michael,12,600,M,1.0,2.0,20,0.3333333333333333,0.6666666666666666,0.016666666666666666,0.03333333333333333
2021-11-23,https://andynwof.wordpress.com/2021/11/23/wof-recap-november-23-2021/,Michael,13,14970,M,1.0,2.0,20,0.3333333333333333,0.6666666666666666,0.016666666666666666,0.03333333333333333
2021-11-23,https://andynwof.wordpress.com/2021/11/23/wof-recap-november-23-2021/,Nessa,14,1,F,1.0,2.0,20,0.3333333333333333,0.6666666666666666,0.016666666666666666,0.03333333333333333
2021-11-23,https://andynwof.wordpress.com/2021/11/23/wof-recap-november-23-2021/,Michael,15,16970,M,1.0,2.0,20,0.3333333333333333,0.6666666666666666,0.016666666666666666,0.03333333333333333
2021-11-23,https://andynwof.wordpress.com/2021/11/23/wof-recap-november-23-2021/,Nessa,16,3,F,1.0,2.0,20,0.3333333333333333,0.6666666666666666,0.016666666666666666,0.03333333333333333
2021-11-23,https://andynwof.wordpress.com/2021/11/23/wof-recap-november-23-2021/,Lindsay,17,8,F,1.0,2.0,20,0.3333333333333333,0.6666666666666666,0.016666666666666666,0.03333333333333333
2021-11-24,https://andynwof.wordpress.com/2021/11/24/wof-recap-november-24-2021/,Sean,1,3050,M,3.0,2.0,20,1.0,0.6666666666666666,0.05,0.03333333333333333
2021-11-24,https://andynwof.wordpress.com/2021/11/24/wof-recap-november-24-2021/,Sabrina,2,3,F,3.0,2.0,20,1.0,0.6666666666666666,0.05,0.03333333333333333
2021-11-24,https://andynwof.wordpress.com/2021/11/24/wof-recap-november-24-2021/,Bank,3,2,Unknown,3.0,2.0,20,1.0,0.6666666666666666,0.05,0.03333333333333333
2021-11-24,https://andynwof.wordpress.com/2021/11/24/wof-recap-november-24-2021/,Sean,4,3050,M,3.0,2.0,20,1.0,0.6666666666666666,0.05,0.03333333333333333
2021-11-24,https://andynwof.wordpress.com/2021/11/24/wof-recap-november-24-2021/,Sabrina,5,24750,F,3.0,2.0,20,1.0,0.6666666666666666,0.05,0.03333333333333333
2021-11-24,https://andynwof.wordpress.com/2021/11/24/wof-recap-november-24-2021/,Alexis,6,2,M,3.0,2.0,20,1.0,0.6666666666666666,0.05,0.03333333333333333
2021-11-24,https://andynwof.wordpress.com/2021/11/24/wof-recap-november-24-2021/,Sean,7,11450,M,3.0,2.0,20,1.0,0.6666666666666666,0.05,0.03333333333333333
2021-11-24,https://andynwof.wordpress.com/2021/11/24/wof-recap-november-24-2021/,Sabrina,8,26750,F,3.0,2.0,20,1.0,0.6666666666666666,0.05,0.03333333333333333
2021-11-29,https://andynwof.wordpress.com/2021/11/29/wof-recap-november-29-2021/,Jessie,1,650,F,4.0,2.0,20,1.3333333333333333,0.6666666666666666,0.06666666666666667,0.03333333333333333
2021-11-29,https://andynwof.wordpress.com/2021/11/29/wof-recap-november-29-2021/,Jessie,2,600,F,4.0,2.0,20,1.3333333333333333,0.6666666666666666,0.06666666666666667,0.03333333333333333
2021-11-29,https://andynwof.wordpress.com/2021/11/29/wof-recap-november-29-2021/,Cindy,3,3,F,4.0,2.0,20,1.3333333333333333,0.6666666666666666,0.06666666666666667,0.03333333333333333
2021-11-29,https://andynwof.wordpress.com/2021/11/29/wof-recap-november-29-2021/,Jessie,4,8700,F,4.0,2.0,20,1.3333333333333333,0.6666666666666666,0.06666666666666667,0.03333333333333333
2021-11-29,https://andynwof.wordpress.com/2021/11/29/wof-recap-november-29-2021/,Peter,5,500,M,4.0,2.0,20,1.3333333333333333,0.6666666666666666,0.06666666666666667,0.03333333333333333
2021-11-29,https://andynwof.wordpress.com/2021/11/29/wof-recap-november-29-2021/,Cindy,6,700,F,4.0,2.0,20,1.3333333333333333,0.6666666666666666,0.06666666666666667,0.03333333333333333
2021-11-29,https://andynwof.wordpress.com/2021/11/29/wof-recap-november-29-2021/,Cindy,7,20050,F,4.0,2.0,20,1.3333333333333333,0.6666666666666666,0.06666666666666667,0.03333333333333333
2021-11-29,https://andynwof.wordpress.com/2021/11/29/wof-recap-november-29-2021/,Jessie,8,8700,F,4.0,2.0,20,1.3333333333333333,0.6666666666666666,0.06666666666666667,0.03333333333333333
2021-11-29,https://andynwof.wordpress.com/2021/11/29/wof-recap-november-29-2021/,Jessie,9,500,F,4.0,2.0,20,1.3333333333333333,0.6666666666666666,0.06666666666666667,0.03333333333333333
2021-11-29,https://andynwof.wordpress.com/2021/11/29/wof-recap-november-29-2021/,Peter,10,650,M,4.0,2.0,20,1.3333333333333333,0.6666666666666666,0.06666666666666667,0.03333333333333333
2021-11-29,https://andynwof.wordpress.com/2021/11/29/wof-recap-november-29-2021/,Peter,11,4850,M,4.0,2.0,20,1.3333333333333333,0.6666666666666666,0.06666666666666667,0.03333333333333333
2021-11-29,https://andynwof.wordpress.com/2021/11/29/wof-recap-november-29-2021/,Cindy,12,22050,F,4.0,2.0,20,1.3333333333333333,0.6666666666666666,0.06666666666666667,0.03333333333333333
2021-11-29,https://andynwof.wordpress.com/2021/11/29/wof-recap-november-29-2021/,Jessie,13,16700,F,4.0,2.0,20,1.3333333333333333,0.6666666666666666,0.06666666666666667,0.03333333333333333
2021-11-30,https://andynwof.wordpress.com/2021/11/30/wof-recap-november-30-2021/,Chaz,1,700,M,6.0,1.0,20,2.0,0.3333333333333333,0.1,0.016666666666666666
2021-11-30,https://andynwof.wordpress.com/2021/11/30/wof-recap-november-30-2021/,Holly,2,600,F,6.0,1.0,20,2.0,0.3333333333333333,0.1,0.016666666666666666
2021-11-30,https://andynwof.wordpress.com/2021/11/30/wof-recap-november-30-2021/,Amy,3,8250,F,6.0,1.0,20,2.0,0.3333333333333333,0.1,0.016666666666666666
2021-11-30,https://andynwof.wordpress.com/2021/11/30/wof-recap-november-30-2021/,Holly,4,3,F,6.0,1.0,20,2.0,0.3333333333333333,0.1,0.016666666666666666
2021-11-30,https://andynwof.wordpress.com/2021/11/30/wof-recap-november-30-2021/,Chaz,5,3200,M,6.0,1.0,20,2.0,0.3333333333333333,0.1,0.016666666666666666
2021-11-30,https://andynwof.wordpress.com/2021/11/30/wof-recap-november-30-2021/,Amy,6,1200,F,6.0,1.0,20,2.0,0.3333333333333333,0.1,0.016666666666666666
2021-11-30,https://andynwof.wordpress.com/2021/11/30/wof-recap-november-30-2021/,Amy,7,500,F,6.0,1.0,20,2.0,0.3333333333333333,0.1,0.016666666666666666
2021-11-30,https://andynwof.wordpress.com/2021/11/30/wof-recap-november-30-2021/,Amy,8,8250,F,6.0,1.0,20,2.0,0.3333333333333333,0.1,0.016666666666666666
2021-11-30,https://andynwof.wordpress.com/2021/11/30/wof-recap-november-30-2021/,Holly,9,10150,F,6.0,1.0,20,2.0,0.3333333333333333,0.1,0.016666666666666666
2021-11-30,https://andynwof.wordpress.com/2021/11/30/wof-recap-november-30-2021/,Chaz,10,3200,M,6.0,1.0,20,2.0,0.3333333333333333,0.1,0.016666666666666666
2021-11-30,https://andynwof.wordpress.com/2021/11/30/wof-recap-november-30-2021/,Amy,11,18750,F,6.0,1.0,20,2.0,0.3333333333333333,0.1,0.016666666666666666
2021-11-30,https://andynwof.wordpress.com/2021/11/30/wof-recap-november-30-2021/,Holly,12,12150,F,6.0,1.0,20,2.0,0.3333333333333333,0.1,0.016666666666666666
2021-11-30,https://andynwof.wordpress.com/2021/11/30/wof-recap-november-30-2021/,Chaz,13,5200,M,6.0,1.0,20,2.0,0.3333333333333333,0.1,0.016666666666666666
2021-12-10,https://andynwof.wordpress.com/2021/12/10/wof-recap-december-10-2021/,Megan,1,700,F,5.0,0.0,20,1.6666666666666667,0.0,0.08333333333333334,0.0
2021-12-10,https://andynwof.wordpress.com/2021/12/10/wof-recap-december-10-2021/,Thipp,2,1400,Unknown,5.0,0.0,20,1.6666666666666667,0.0,0.08333333333333334,0.0
2021-12-10,https://andynwof.wordpress.com/2021/12/10/wof-recap-december-10-2021/,Megan,3,2,F,5.0,0.0,20,1.6666666666666667,0.0,0.08333333333333334,0.0
2021-12-10,https://andynwof.wordpress.com/2021/12/10/wof-recap-december-10-2021/,Thipp,4,1,Unknown,5.0,0.0,20,1.6666666666666667,0.0,0.08333333333333334,0.0
2021-12-10,https://andynwof.wordpress.com/2021/12/10/wof-recap-december-10-2021/,Megan,5,3500,F,5.0,0.0,20,1.6666666666666667,0.0,0.08333333333333334,0.0
2021-12-10,https://andynwof.wordpress.com/2021/12/10/wof-recap-december-10-2021/,Thipp,6,1,Unknown,5.0,0.0,20,1.6666666666666667,0.0,0.08333333333333334,0.0
2021-12-10,https://andynwof.wordpress.com/2021/12/10/wof-recap-december-10-2021/,Megan,7,600,F,5.0,0.0,20,1.6666666666666667,0.0,0.08333333333333334,0.0
2021-12-10,https://andynwof.wordpress.com/2021/12/10/wof-recap-december-10-2021/,Megan,8,19855,F,5.0,0.0,20,1.6666666666666667,0.0,0.08333333333333334,0.0
2021-12-10,https://andynwof.wordpress.com/2021/12/10/wof-recap-december-10-2021/,Thipp,9,1,Unknown,5.0,0.0,20,1.6666666666666667,0.0,0.08333333333333334,0.0
2021-12-10,https://andynwof.wordpress.com/2021/12/10/wof-recap-december-10-2021/,Megan,10,19855,F,5.0,0.0,20,1.6666666666666667,0.0,0.08333333333333334,0.0
2021-12-10,https://andynwof.wordpress.com/2021/12/10/wof-recap-december-10-2021/,Thipp,11,6800,Unknown,5.0,0.0,20,1.6666666666666667,0.0,0.08333333333333334,0.0
2021-12-13,https://andynwof.wordpress.com/2021/12/13/wof-recap-december-13-2021/,Crystal,1,3,F,3.0,0.0,20,1.0,0.0,0.05,0.0
2021-12-13,https://andynwof.wordpress.com/2021/12/13/wof-recap-december-13-2021/,Marquita,2,1900,F,3.0,0.0,20,1.0,0.0,0.05,0.0
2021-12-13,https://andynwof.wordpress.com/2021/12/13/wof-recap-december-13-2021/,Paymon,3,1850,Unknown,3.0,0.0,20,1.0,0.0,0.05,0.0
2021-12-13,https://andynwof.wordpress.com/2021/12/13/wof-recap-december-13-2021/,Crystal,4,22640,F,3.0,0.0,20,1.0,0.0,0.05,0.0
2021-12-13,https://andynwof.wordpress.com/2021/12/13/wof-recap-december-13-2021/,Marquita,5,1900,F,3.0,0.0,20,1.0,0.0,0.05,0.0
2021-12-13,https://andynwof.wordpress.com/2021/12/13/wof-recap-december-13-2021/,Paymon,6,1850,Unknown,3.0,0.0,20,1.0,0.0,0.05,0.0
2021-12-13,https://andynwof.wordpress.com/2021/12/13/wof-recap-december-13-2021/,Crystal,7,24640,F,3.0,0.0,20,1.0,0.0,0.05,0.0
2021-12-13,https://andynwof.wordpress.com/2021/12/13/wof-recap-december-13-2021/,Marquita,8,5900,F,3.0,0.0,20,1.0,0.0,0.05,0.0
2021-12-13,https://andynwof.wordpress.com/2021/12/13/wof-recap-december-13-2021/,Paymon,9,8050,Unknown,3.0,0.0,20,1.0,0.0,0.05,0.0
2021-12-14,https://andynwof.wordpress.com/2021/12/14/wof-recap-december-14-2021/,Peggy,1,2,F,3.0,4.0,20,1.0,1.3333333333333333,0.05,0.06666666666666667
2021-12-14,https://andynwof.wordpress.com/2021/12/14/wof-recap-december-14-2021/,Tim,2,1,M,3.0,4.0,20,1.0,1.3333333333333333,0.05,0.06666666666666667
2021-12-14,https://andynwof.wordpress.com/2021/12/14/wof-recap-december-14-2021/,Kristen,3,5050,F,3.0,4.0,20,1.0,1.3333333333333333,0.05,0.06666666666666667
2021-12-14,https://andynwof.wordpress.com/2021/12/14/wof-recap-december-14-2021/,Peggy,4,2,F,3.0,4.0,20,1.0,1.3333333333333333,0.05,0.06666666666666667
2021-12-14,https://andynwof.wordpress.com/2021/12/14/wof-recap-december-14-2021/,Tim,5,10043,M,3.0,4.0,20,1.0,1.3333333333333333,0.05,0.06666666666666667
2021-12-14,https://andynwof.wordpress.com/2021/12/14/wof-recap-december-14-2021/,Kristen,6,5050,F,3.0,4.0,20,1.0,1.3333333333333333,0.05,0.06666666666666667
2021-12-14,https://andynwof.wordpress.com/2021/12/14/wof-recap-december-14-2021/,Peggy,7,2,F,3.0,4.0,20,1.0,1.3333333333333333,0.05,0.06666666666666667
2021-12-14,https://andynwof.wordpress.com/2021/12/14/wof-recap-december-14-2021/,Tim,8,19743,M,3.0,4.0,20,1.0,1.3333333333333333,0.05,0.06666666666666667
2021-12-14,https://andynwof.wordpress.com/2021/12/14/wof-recap-december-14-2021/,Kristen,9,7050,F,3.0,4.0,20,1.0,1.3333333333333333,0.05,0.06666666666666667
2021-12-15,https://andynwof.wordpress.com/2021/12/15/wof-recap-december-15-2021/,Michelle,1,4800,F,4.0,1.0,20,1.3333333333333333,0.3333333333333333,0.06666666666666667,0.016666666666666666
2021-12-15,https://andynwof.wordpress.com/2021/12/15/wof-recap-december-15-2021/,Latrice,2,3,F,4.0,1.0,20,1.3333333333333333,0.3333333333333333,0.06666666666666667,0.016666666666666666
2021-12-15,https://andynwof.wordpress.com/2021/12/15/wof-recap-december-15-2021/,Michelle,3,4800,F,4.0,1.0,20,1.3333333333333333,0.3333333333333333,0.06666666666666667,0.016666666666666666
2021-12-15,https://andynwof.wordpress.com/2021/12/15/wof-recap-december-15-2021/,Latrice,4,21666,F,4.0,1.0,20,1.3333333333333333,0.3333333333333333,0.06666666666666667,0.016666666666666666
2021-12-15,https://andynwof.wordpress.com/2021/12/15/wof-recap-december-15-2021/,Michelle,5,10700,F,4.0,1.0,20,1.3333333333333333,0.3333333333333333,0.06666666666666667,0.016666666666666666
2021-12-15,https://andynwof.wordpress.com/2021/12/15/wof-recap-december-15-2021/,Daryn,6,1,Unknown,4.0,1.0,20,1.3333333333333333,0.3333333333333333,0.06666666666666667,0.016666666666666666
2021-12-15,https://andynwof.wordpress.com/2021/12/15/wof-recap-december-15-2021/,Latrice,7,23666,F,4.0,1.0,20,1.3333333333333333,0.3333333333333333,0.06666666666666667,0.016666666666666666
2021-12-16,https://andynwof.wordpress.com/2021/12/16/wof-recap-december-16-2021/,Gil,1,900,M,5.0,2.0,20,1.6666666666666667,0.6666666666666666,0.08333333333333334,0.03333333333333333
2021-12-16,https://andynwof.wordpress.com/2021/12/16/wof-recap-december-16-2021/,Rhianna,2,1800,F,5.0,2.0,20,1.6666666666666667,0.6666666666666666,0.08333333333333334,0.03333333333333333
2021-12-16,https://andynwof.wordpress.com/2021/12/16/wof-recap-december-16-2021/,Gil,3,700,M,5.0,2.0,20,1.6666666666666667,0.6666666666666666,0.08333333333333334,0.03333333333333333
2021-12-16,https://andynwof.wordpress.com/2021/12/16/wof-recap-december-16-2021/,Megan,4,1300,F,5.0,2.0,20,1.6666666666666667,0.6666666666666666,0.08333333333333334,0.03333333333333333
2021-12-16,https://andynwof.wordpress.com/2021/12/16/wof-recap-december-16-2021/,Gil,5,7,M,5.0,2.0,20,1.6666666666666667,0.6666666666666666,0.08333333333333334,0.03333333333333333
2021-12-16,https://andynwof.wordpress.com/2021/12/16/wof-recap-december-16-2021/,Gil,6,9750,M,5.0,2.0,20,1.6666666666666667,0.6666666666666666,0.08333333333333334,0.03333333333333333
2021-12-16,https://andynwof.wordpress.com/2021/12/16/wof-recap-december-16-2021/,Rhianna,7,5500,F,5.0,2.0,20,1.6666666666666667,0.6666666666666666,0.08333333333333334,0.03333333333333333
2021-12-16,https://andynwof.wordpress.com/2021/12/16/wof-recap-december-16-2021/,Gil,8,1400,M,5.0,2.0,20,1.6666666666666667,0.6666666666666666,0.08333333333333334,0.03333333333333333
2021-12-16,https://andynwof.wordpress.com/2021/12/16/wof-recap-december-16-2021/,Megan,9,1200,F,5.0,2.0,20,1.6666666666666667,0.6666666666666666,0.08333333333333334,0.03333333333333333
2021-12-16,https://andynwof.wordpress.com/2021/12/16/wof-recap-december-16-2021/,Gil,10,17098,M,5.0,2.0,20,1.6666666666666667,0.6666666666666666,0.08333333333333334,0.03333333333333333
2021-12-16,https://andynwof.wordpress.com/2021/12/16/wof-recap-december-16-2021/,Rhianna,11,5500,F,5.0,2.0,20,1.6666666666666667,0.6666666666666666,0.08333333333333334,0.03333333333333333
2021-12-16,https://andynwof.wordpress.com/2021/12/16/wof-recap-december-16-2021/,Gil,12,21098,M,5.0,2.0,20,1.6666666666666667,0.6666666666666666,0.08333333333333334,0.03333333333333333
2021-12-16,https://andynwof.wordpress.com/2021/12/16/wof-recap-december-16-2021/,Rhianna,13,9,F,5.0,2.0,20,1.6666666666666667,0.6666666666666666,0.08333333333333334,0.03333333333333333
2021-12-16,https://andynwof.wordpress.com/2021/12/16/wof-recap-december-16-2021/,Megan,14,1,F,5.0,2.0,20,1.6666666666666667,0.6666666666666666,0.08333333333333334,0.03333333333333333
2021-12-17,https://andynwof.wordpress.com/2021/12/17/wof-recap-december-17-2021/,Angela,1,1100,F,4.0,0.0,20,1.3333333333333333,0.0,0.06666666666666667,0.0
2021-12-17,https://andynwof.wordpress.com/2021/12/17/wof-recap-december-17-2021/,David,2,2700,M,4.0,0.0,20,1.3333333333333333,0.0,0.06666666666666667,0.0
2021-12-17,https://andynwof.wordpress.com/2021/12/17/wof-recap-december-17-2021/,Angela,3,1800,F,4.0,0.0,20,1.3333333333333333,0.0,0.06666666666666667,0.0
2021-12-17,https://andynwof.wordpress.com/2021/12/17/wof-recap-december-17-2021/,David,4,1,M,4.0,0.0,20,1.3333333333333333,0.0,0.06666666666666667,0.0
2021-12-17,https://andynwof.wordpress.com/2021/12/17/wof-recap-december-17-2021/,Angela,5,22716,F,4.0,0.0,20,1.3333333333333333,0.0,0.06666666666666667,0.0
2021-12-17,https://andynwof.wordpress.com/2021/12/17/wof-recap-december-17-2021/,David,6,1700,M,4.0,0.0,20,1.3333333333333333,0.0,0.06666666666666667,0.0
2021-12-17,https://andynwof.wordpress.com/2021/12/17/wof-recap-december-17-2021/,Angela,7,1950,F,4.0,0.0,20,1.3333333333333333,0.0,0.06666666666666667,0.0
2021-12-17,https://andynwof.wordpress.com/2021/12/17/wof-recap-december-17-2021/,Bank,8,5550,Unknown,4.0,0.0,20,1.3333333333333333,0.0,0.06666666666666667,0.0
2021-12-17,https://andynwof.wordpress.com/2021/12/17/wof-recap-december-17-2021/,David,9,1,M,4.0,0.0,20,1.3333333333333333,0.0,0.06666666666666667,0.0
2021-12-17,https://andynwof.wordpress.com/2021/12/17/wof-recap-december-17-2021/,Angela,10,43104,F,4.0,0.0,20,1.3333333333333333,0.0,0.06666666666666667,0.0
2021-12-17,https://andynwof.wordpress.com/2021/12/17/wof-recap-december-17-2021/,David,11,8500,M,4.0,0.0,20,1.3333333333333333,0.0,0.06666666666666667,0.0
2021-12-17,https://andynwof.wordpress.com/2021/12/17/wof-recap-december-17-2021/,Angela,12,43104,F,4.0,0.0,20,1.3333333333333333,0.0,0.06666666666666667,0.0
2021-12-17,https://andynwof.wordpress.com/2021/12/17/wof-recap-december-17-2021/,Kayla,13,10,F,4.0,0.0,20,1.3333333333333333,0.0,0.06666666666666667,0.0
2021-12-20,https://andynwof.wordpress.com/2021/12/20/wof-recap-december-20-2021/,Kennise,1,1400,Unknown,4.0,1.0,20,1.3333333333333333,0.3333333333333333,0.06666666666666667,0.016666666666666666
2021-12-20,https://andynwof.wordpress.com/2021/12/20/wof-recap-december-20-2021/,Katherine,2,1400,F,4.0,1.0,20,1.3333333333333333,0.3333333333333333,0.06666666666666667,0.016666666666666666
2021-12-20,https://andynwof.wordpress.com/2021/12/20/wof-recap-december-20-2021/,Katherine,3,500,F,4.0,1.0,20,1.3333333333333333,0.3333333333333333,0.06666666666666667,0.016666666666666666
2021-12-20,https://andynwof.wordpress.com/2021/12/20/wof-recap-december-20-2021/,Katherine,4,4800,F,4.0,1.0,20,1.3333333333333333,0.3333333333333333,0.06666666666666667,0.016666666666666666
2021-12-20,https://andynwof.wordpress.com/2021/12/20/wof-recap-december-20-2021/,Kennise,5,7100,Unknown,4.0,1.0,20,1.3333333333333333,0.3333333333333333,0.06666666666666667,0.016666666666666666
2021-12-20,https://andynwof.wordpress.com/2021/12/20/wof-recap-december-20-2021/,Kennise,6,3500,Unknown,4.0,1.0,20,1.3333333333333333,0.3333333333333333,0.06666666666666667,0.016666666666666666
2021-12-20,https://andynwof.wordpress.com/2021/12/20/wof-recap-december-20-2021/,Katherine,7,4800,F,4.0,1.0,20,1.3333333333333333,0.3333333333333333,0.06666666666666667,0.016666666666666666
2021-12-20,https://andynwof.wordpress.com/2021/12/20/wof-recap-december-20-2021/,Kennise,8,18200,Unknown,4.0,1.0,20,1.3333333333333333,0.3333333333333333,0.06666666666666667,0.016666666666666666
2021-12-20,https://andynwof.wordpress.com/2021/12/20/wof-recap-december-20-2021/,Jimmy,9,2,M,4.0,1.0,20,1.3333333333333333,0.3333333333333333,0.06666666666666667,0.016666666666666666
2021-12-20,https://andynwof.wordpress.com/2021/12/20/wof-recap-december-20-2021/,Katherine,10,4800,F,4.0,1.0,20,1.3333333333333333,0.3333333333333333,0.06666666666666667,0.016666666666666666
2021-12-20,https://andynwof.wordpress.com/2021/12/20/wof-recap-december-20-2021/,Kennise,11,28200,Unknown,4.0,1.0,20,1.3333333333333333,0.3333333333333333,0.06666666666666667,0.016666666666666666
2021-12-21,https://andynwof.wordpress.com/2021/12/21/wof-recap-december-21-2021/,Charlene,1,1300,F,3.0,1.0,20,1.0,0.3333333333333333,0.05,0.016666666666666666
2021-12-21,https://andynwof.wordpress.com/2021/12/21/wof-recap-december-21-2021/,Michael,2,600,M,3.0,1.0,20,1.0,0.3333333333333333,0.05,0.016666666666666666
2021-12-21,https://andynwof.wordpress.com/2021/12/21/wof-recap-december-21-2021/,Michael,3,1600,M,3.0,1.0,20,1.0,0.3333333333333333,0.05,0.016666666666666666
2021-12-21,https://andynwof.wordpress.com/2021/12/21/wof-recap-december-21-2021/,Michael,4,9700,M,3.0,1.0,20,1.0,0.3333333333333333,0.05,0.016666666666666666
2021-12-21,https://andynwof.wordpress.com/2021/12/21/wof-recap-december-21-2021/,Ladies,5,0,Unknown,3.0,1.0,20,1.0,0.3333333333333333,0.05,0.016666666666666666
2021-12-21,https://andynwof.wordpress.com/2021/12/21/wof-recap-december-21-2021/,Charlene,6,2700,F,3.0,1.0,20,1.0,0.3333333333333333,0.05,0.016666666666666666
2021-12-21,https://andynwof.wordpress.com/2021/12/21/wof-recap-december-21-2021/,Shelly,7,550,F,3.0,1.0,20,1.0,0.3333333333333333,0.05,0.016666666666666666
2021-12-21,https://andynwof.wordpress.com/2021/12/21/wof-recap-december-21-2021/,Bank,8,4700,Unknown,3.0,1.0,20,1.0,0.3333333333333333,0.05,0.016666666666666666
2021-12-21,https://andynwof.wordpress.com/2021/12/21/wof-recap-december-21-2021/,Charlene,9,16500,F,3.0,1.0,20,1.0,0.3333333333333333,0.05,0.016666666666666666
2021-12-21,https://andynwof.wordpress.com/2021/12/21/wof-recap-december-21-2021/,Michael,10,9700,M,3.0,1.0,20,1.0,0.3333333333333333,0.05,0.016666666666666666
2021-12-21,https://andynwof.wordpress.com/2021/12/21/wof-recap-december-21-2021/,Shelly,11,10800,F,3.0,1.0,20,1.0,0.3333333333333333,0.05,0.016666666666666666
2021-12-21,https://andynwof.wordpress.com/2021/12/21/wof-recap-december-21-2021/,Charlene,12,16500,F,3.0,1.0,20,1.0,0.3333333333333333,0.05,0.016666666666666666
2021-12-21,https://andynwof.wordpress.com/2021/12/21/wof-recap-december-21-2021/,Michael,13,11700,M,3.0,1.0,20,1.0,0.3333333333333333,0.05,0.016666666666666666
2021-12-22,https://andynwof.wordpress.com/2021/12/22/wof-recap-december-22-2021/,Jeffrey,1,1400,M,0.0,4.0,20,0.0,1.3333333333333333,0.0,0.06666666666666667
2021-12-22,https://andynwof.wordpress.com/2021/12/22/wof-recap-december-22-2021/,Leslie,2,10932,F,0.0,4.0,20,0.0,1.3333333333333333,0.0,0.06666666666666667
2021-12-22,https://andynwof.wordpress.com/2021/12/22/wof-recap-december-22-2021/,Jeffrey,3,3800,M,0.0,4.0,20,0.0,1.3333333333333333,0.0,0.06666666666666667
2021-12-22,https://andynwof.wordpress.com/2021/12/22/wof-recap-december-22-2021/,Jeffrey,4,2100,M,0.0,4.0,20,0.0,1.3333333333333333,0.0,0.06666666666666667
2021-12-22,https://andynwof.wordpress.com/2021/12/22/wof-recap-december-22-2021/,Leslie,5,10932,F,0.0,4.0,20,0.0,1.3333333333333333,0.0,0.06666666666666667
2021-12-22,https://andynwof.wordpress.com/2021/12/22/wof-recap-december-22-2021/,Jeffrey,6,15500,M,0.0,4.0,20,0.0,1.3333333333333333,0.0,0.06666666666666667
2021-12-22,https://andynwof.wordpress.com/2021/12/22/wof-recap-december-22-2021/,Leslie,7,19432,F,0.0,4.0,20,0.0,1.3333333333333333,0.0,0.06666666666666667
2021-12-22,https://andynwof.wordpress.com/2021/12/22/wof-recap-december-22-2021/,Meme,8,1,Unknown,0.0,4.0,20,0.0,1.3333333333333333,0.0,0.06666666666666667
2021-12-22,https://andynwof.wordpress.com/2021/12/22/wof-recap-december-22-2021/,Jeffrey,9,17500,M,0.0,4.0,20,0.0,1.3333333333333333,0.0,0.06666666666666667
2021-12-23,https://andynwof.wordpress.com/2021/12/23/wof-recap-december-23-2021/,Alyssa,1,1100,F,4.0,3.0,20,1.3333333333333333,1.0,0.06666666666666667,0.05
2021-12-23,https://andynwof.wordpress.com/2021/12/23/wof-recap-december-23-2021/,Jordan,2,900,M,4.0,3.0,20,1.3333333333333333,1.0,0.06666666666666667,0.05
2021-12-23,https://andynwof.wordpress.com/2021/12/23/wof-recap-december-23-2021/,Luke,3,650,M,4.0,3.0,20,1.3333333333333333,1.0,0.06666666666666667,0.05
2021-12-23,https://andynwof.wordpress.com/2021/12/23/wof-recap-december-23-2021/,Alyssa,4,2500,F,4.0,3.0,20,1.3333333333333333,1.0,0.06666666666666667,0.05
2021-12-23,https://andynwof.wordpress.com/2021/12/23/wof-recap-december-23-2021/,Luke,5,10500,M,4.0,3.0,20,1.3333333333333333,1.0,0.06666666666666667,0.05
2021-12-23,https://andynwof.wordpress.com/2021/12/23/wof-recap-december-23-2021/,Jordan,6,1800,M,4.0,3.0,20,1.3333333333333333,1.0,0.06666666666666667,0.05
2021-12-23,https://andynwof.wordpress.com/2021/12/23/wof-recap-december-23-2021/,Jordan,7,4450,M,4.0,3.0,20,1.3333333333333333,1.0,0.06666666666666667,0.05
2021-12-23,https://andynwof.wordpress.com/2021/12/23/wof-recap-december-23-2021/,Luke,8,15250,M,4.0,3.0,20,1.3333333333333333,1.0,0.06666666666666667,0.05
2021-12-23,https://andynwof.wordpress.com/2021/12/23/wof-recap-december-23-2021/,Alyssa,9,2,F,4.0,3.0,20,1.3333333333333333,1.0,0.06666666666666667,0.05
2021-12-23,https://andynwof.wordpress.com/2021/12/23/wof-recap-december-23-2021/,Luke,10,1800,M,4.0,3.0,20,1.3333333333333333,1.0,0.06666666666666667,0.05
2021-12-23,https://andynwof.wordpress.com/2021/12/23/wof-recap-december-23-2021/,Bank,11,3550,Unknown,4.0,3.0,20,1.3333333333333333,1.0,0.06666666666666667,0.05
2021-12-23,https://andynwof.wordpress.com/2021/12/23/wof-recap-december-23-2021/,Jordan,12,4450,M,4.0,3.0,20,1.3333333333333333,1.0,0.06666666666666667,0.05
2021-12-23,https://andynwof.wordpress.com/2021/12/23/wof-recap-december-23-2021/,Luke,13,15250,M,4.0,3.0,20,1.3333333333333333,1.0,0.06666666666666667,0.05
2021-12-23,https://andynwof.wordpress.com/2021/12/23/wof-recap-december-23-2021/,Alyssa,14,10,F,4.0,3.0,20,1.3333333333333333,1.0,0.06666666666666667,0.05
2021-12-23,https://andynwof.wordpress.com/2021/12/23/wof-recap-december-23-2021/,Jordan,15,6450,M,4.0,3.0,20,1.3333333333333333,1.0,0.06666666666666667,0.05
2021-12-23,https://andynwof.wordpress.com/2021/12/23/wof-recap-december-23-2021/,Luke,16,15250,M,4.0,3.0,20,1.3333333333333333,1.0,0.06666666666666667,0.05
2021-12-23,https://andynwof.wordpress.com/2021/12/23/wof-recap-december-23-2021/,Alyssa,17,18800,F,4.0,3.0,20,1.3333333333333333,1.0,0.06666666666666667,0.05
2021-12-24,https://andynwof.wordpress.com/2021/12/24/wof-recap-december-24-2021/,Charlotte,1,1650,F,4.0,0.0,20,1.3333333333333333,0.0,0.06666666666666667,0.0
2021-12-24,https://andynwof.wordpress.com/2021/12/24/wof-recap-december-24-2021/,Supe,2,500,Unknown,4.0,0.0,20,1.3333333333333333,0.0,0.06666666666666667,0.0
2021-12-24,https://andynwof.wordpress.com/2021/12/24/wof-recap-december-24-2021/,Supe,3,650,Unknown,4.0,0.0,20,1.3333333333333333,0.0,0.06666666666666667,0.0
2021-12-24,https://andynwof.wordpress.com/2021/12/24/wof-recap-december-24-2021/,Glenda,4,1,F,4.0,0.0,20,1.3333333333333333,0.0,0.06666666666666667,0.0
2021-12-24,https://andynwof.wordpress.com/2021/12/24/wof-recap-december-24-2021/,Charlotte,5,2,F,4.0,0.0,20,1.3333333333333333,0.0,0.06666666666666667,0.0
2021-12-24,https://andynwof.wordpress.com/2021/12/24/wof-recap-december-24-2021/,Supe,6,9500,Unknown,4.0,0.0,20,1.3333333333333333,0.0,0.06666666666666667,0.0
2021-12-24,https://andynwof.wordpress.com/2021/12/24/wof-recap-december-24-2021/,Glenda,7,1650,F,4.0,0.0,20,1.3333333333333333,0.0,0.06666666666666667,0.0
2021-12-24,https://andynwof.wordpress.com/2021/12/24/wof-recap-december-24-2021/,Glenda,8,1,F,4.0,0.0,20,1.3333333333333333,0.0,0.06666666666666667,0.0
2021-12-24,https://andynwof.wordpress.com/2021/12/24/wof-recap-december-24-2021/,Charlotte,9,9274,F,4.0,0.0,20,1.3333333333333333,0.0,0.06666666666666667,0.0
2021-12-24,https://andynwof.wordpress.com/2021/12/24/wof-recap-december-24-2021/,Supe,10,9500,Unknown,4.0,0.0,20,1.3333333333333333,0.0,0.06666666666666667,0.0
2021-12-24,https://andynwof.wordpress.com/2021/12/24/wof-recap-december-24-2021/,Glenda,11,12600,F,4.0,0.0,20,1.3333333333333333,0.0,0.06666666666666667,0.0
2021-12-24,https://andynwof.wordpress.com/2021/12/24/wof-recap-december-24-2021/,Charlotte,12,13274,F,4.0,0.0,20,1.3333333333333333,0.0,0.06666666666666667,0.0
2021-12-24,https://andynwof.wordpress.com/2021/12/24/wof-recap-december-24-2021/,Supe,13,9500,Unknown,4.0,0.0,20,1.3333333333333333,0.0,0.06666666666666667,0.0
2021-12-27,https://andynwof.wordpress.com/2021/12/27/wof-recap-december-27-2021/,Frank,1,1950,M,5.0,2.0,20,1.6666666666666667,0.6666666666666666,0.08333333333333334,0.03333333333333333
2021-12-27,https://andynwof.wordpress.com/2021/12/27/wof-recap-december-27-2021/,Lindsay,2,500,F,5.0,2.0,20,1.6666666666666667,0.6666666666666666,0.08333333333333334,0.03333333333333333
2021-12-27,https://andynwof.wordpress.com/2021/12/27/wof-recap-december-27-2021/,Frank,3,1,M,5.0,2.0,20,1.6666666666666667,0.6666666666666666,0.08333333333333334,0.03333333333333333
2021-12-27,https://andynwof.wordpress.com/2021/12/27/wof-recap-december-27-2021/,Frank,4,9800,M,5.0,2.0,20,1.6666666666666667,0.6666666666666666,0.08333333333333334,0.03333333333333333
2021-12-27,https://andynwof.wordpress.com/2021/12/27/wof-recap-december-27-2021/,Lindsay,5,700,F,5.0,2.0,20,1.6666666666666667,0.6666666666666666,0.08333333333333334,0.03333333333333333
2021-12-27,https://andynwof.wordpress.com/2021/12/27/wof-recap-december-27-2021/,Frank,6,1200,M,5.0,2.0,20,1.6666666666666667,0.6666666666666666,0.08333333333333334,0.03333333333333333
2021-12-27,https://andynwof.wordpress.com/2021/12/27/wof-recap-december-27-2021/,Frank,7,9800,M,5.0,2.0,20,1.6666666666666667,0.6666666666666666,0.08333333333333334,0.03333333333333333
2021-12-27,https://andynwof.wordpress.com/2021/12/27/wof-recap-december-27-2021/,Lindsay,8,1,F,5.0,2.0,20,1.6666666666666667,0.6666666666666666,0.08333333333333334,0.03333333333333333
2021-12-27,https://andynwof.wordpress.com/2021/12/27/wof-recap-december-27-2021/,Frank,9,16750,M,5.0,2.0,20,1.6666666666666667,0.6666666666666666,0.08333333333333334,0.03333333333333333
2021-12-28,https://andynwof.wordpress.com/2021/12/28/wof-recap-december-28-2021/,Eric,1,650,M,4.0,0.0,20,1.3333333333333333,0.0,0.06666666666666667,0.0
2021-12-28,https://andynwof.wordpress.com/2021/12/28/wof-recap-december-28-2021/,Ambre,2,700,F,4.0,0.0,20,1.3333333333333333,0.0,0.06666666666666667,0.0
2021-12-28,https://andynwof.wordpress.com/2021/12/28/wof-recap-december-28-2021/,Jonathan,3,650,M,4.0,0.0,20,1.3333333333333333,0.0,0.06666666666666667,0.0
2021-12-28,https://andynwof.wordpress.com/2021/12/28/wof-recap-december-28-2021/,Ambre,4,600,F,4.0,0.0,20,1.3333333333333333,0.0,0.06666666666666667,0.0
2021-12-28,https://andynwof.wordpress.com/2021/12/28/wof-recap-december-28-2021/,Eric,5,3,M,4.0,0.0,20,1.3333333333333333,0.0,0.06666666666666667,0.0
2021-12-28,https://andynwof.wordpress.com/2021/12/28/wof-recap-december-28-2021/,Jonathan,6,4050,M,4.0,0.0,20,1.3333333333333333,0.0,0.06666666666666667,0.0
2021-12-28,https://andynwof.wordpress.com/2021/12/28/wof-recap-december-28-2021/,Jonathan,7,1400,M,4.0,0.0,20,1.3333333333333333,0.0,0.06666666666666667,0.0
2021-12-28,https://andynwof.wordpress.com/2021/12/28/wof-recap-december-28-2021/,Eric,8,600,M,4.0,0.0,20,1.3333333333333333,0.0,0.06666666666666667,0.0
2021-12-28,https://andynwof.wordpress.com/2021/12/28/wof-recap-december-28-2021/,Ambre,9,1200,F,4.0,0.0,20,1.3333333333333333,0.0,0.06666666666666667,0.0
2021-12-28,https://andynwof.wordpress.com/2021/12/28/wof-recap-december-28-2021/,Eric,10,3,M,4.0,0.0,20,1.3333333333333333,0.0,0.06666666666666667,0.0
2021-12-28,https://andynwof.wordpress.com/2021/12/28/wof-recap-december-28-2021/,Ambre,11,9850,F,4.0,0.0,20,1.3333333333333333,0.0,0.06666666666666667,0.0
2021-12-28,https://andynwof.wordpress.com/2021/12/28/wof-recap-december-28-2021/,Jonathan,12,4050,M,4.0,0.0,20,1.3333333333333333,0.0,0.06666666666666667,0.0
2021-12-28,https://andynwof.wordpress.com/2021/12/28/wof-recap-december-28-2021/,Eric,13,20500,M,4.0,0.0,20,1.3333333333333333,0.0,0.06666666666666667,0.0
2021-12-28,https://andynwof.wordpress.com/2021/12/28/wof-recap-december-28-2021/,Ambre,14,9850,F,4.0,0.0,20,1.3333333333333333,0.0,0.06666666666666667,0.0
2021-12-28,https://andynwof.wordpress.com/2021/12/28/wof-recap-december-28-2021/,Jonathan,15,4050,M,4.0,0.0,20,1.3333333333333333,0.0,0.06666666666666667,0.0
2021-12-29,https://andynwof.wordpress.com/2021/12/29/wof-recap-december-29-2021/,Blake,1,7550,M,3.0,0.0,20,1.0,0.0,0.05,0.0
2021-12-29,https://andynwof.wordpress.com/2021/12/29/wof-recap-december-29-2021/,Sandra,2,4100,F,3.0,0.0,20,1.0,0.0,0.05,0.0
2021-12-29,https://andynwof.wordpress.com/2021/12/29/wof-recap-december-29-2021/,Blake,3,7550,M,3.0,0.0,20,1.0,0.0,0.05,0.0
2021-12-29,https://andynwof.wordpress.com/2021/12/29/wof-recap-december-29-2021/,Sandra,4,23800,F,3.0,0.0,20,1.0,0.0,0.05,0.0
2021-12-29,https://andynwof.wordpress.com/2021/12/29/wof-recap-december-29-2021/,Blake,5,22400,M,3.0,0.0,20,1.0,0.0,0.05,0.0
2021-12-29,https://andynwof.wordpress.com/2021/12/29/wof-recap-december-29-2021/,Sandra,6,23800,F,3.0,0.0,20,1.0,0.0,0.05,0.0
2021-12-29,https://andynwof.wordpress.com/2021/12/29/wof-recap-december-29-2021/,Edward,7,1,M,3.0,0.0,20,1.0,0.0,0.05,0.0
2021-12-30,https://andynwof.wordpress.com/2021/12/30/wof-recap-december-30-2021/,Kanchi,1,3,Unknown,6.0,0.0,20,2.0,0.0,0.1,0.0
2021-12-30,https://andynwof.wordpress.com/2021/12/30/wof-recap-december-30-2021/,Rob,2,7800,M,6.0,0.0,20,2.0,0.0,0.1,0.0
2021-12-30,https://andynwof.wordpress.com/2021/12/30/wof-recap-december-30-2021/,Kanchi,3,21307,Unknown,6.0,0.0,20,2.0,0.0,0.1,0.0
2021-12-30,https://andynwof.wordpress.com/2021/12/30/wof-recap-december-30-2021/,Rob,4,7800,M,6.0,0.0,20,2.0,0.0,0.1,0.0
2021-12-30,https://andynwof.wordpress.com/2021/12/30/wof-recap-december-30-2021/,Kanchi,5,23307,Unknown,6.0,0.0,20,2.0,0.0,0.1,0.0
2021-12-30,https://andynwof.wordpress.com/2021/12/30/wof-recap-december-30-2021/,Rob,6,9800,M,6.0,0.0,20,2.0,0.0,0.1,0.0
2021-12-30,https://andynwof.wordpress.com/2021/12/30/wof-recap-december-30-2021/,Ariel,7,8,M,6.0,0.0,20,2.0,0.0,0.1,0.0
2021-12-31,https://andynwof.wordpress.com/2021/12/31/wof-recap-december-31-2021/,Rana,1,600,F,6.0,0.0,20,2.0,0.0,0.1,0.0
2021-12-31,https://andynwof.wordpress.com/2021/12/31/wof-recap-december-31-2021/,Sheena,2,10,F,6.0,0.0,20,2.0,0.0,0.1,0.0
2021-12-31,https://andynwof.wordpress.com/2021/12/31/wof-recap-december-31-2021/,Sheena,3,600,F,6.0,0.0,20,2.0,0.0,0.1,0.0
2021-12-31,https://andynwof.wordpress.com/2021/12/31/wof-recap-december-31-2021/,Rana,4,500,F,6.0,0.0,20,2.0,0.0,0.1,0.0
2021-12-31,https://andynwof.wordpress.com/2021/12/31/wof-recap-december-31-2021/,Rana,5,19500,F,6.0,0.0,20,2.0,0.0,0.1,0.0
2021-12-31,https://andynwof.wordpress.com/2021/12/31/wof-recap-december-31-2021/,Others,6,0,Unknown,6.0,0.0,20,2.0,0.0,0.1,0.0
2021-12-31,https://andynwof.wordpress.com/2021/12/31/wof-recap-december-31-2021/,Rana,7,700,F,6.0,0.0,20,2.0,0.0,0.1,0.0
2021-12-31,https://andynwof.wordpress.com/2021/12/31/wof-recap-december-31-2021/,Rana,8,29450,F,6.0,0.0,20,2.0,0.0,0.1,0.0
2021-12-31,https://andynwof.wordpress.com/2021/12/31/wof-recap-december-31-2021/,Rana,9,31450,F,6.0,0.0,20,2.0,0.0,0.1,0.0
2021-12-31,https://andynwof.wordpress.com/2021/12/31/wof-recap-december-31-2021/,Peter,10,7400,M,6.0,0.0,20,2.0,0.0,0.1,0.0
